{"timestamp":"2026-01-22 09:21:34.610 +02:00","level":"info","msg":"Successfully connected to cache backend","caller":"platform/service.go:205","backend":"lru","result":"OK"}
{"timestamp":"2026-01-22 09:21:34.610 +02:00","level":"info","msg":"Server is initializing...","caller":"platform/service.go:208","go_version":"go1.24.6"}
{"timestamp":"2026-01-22 09:21:34.614 +02:00","level":"error","msg":"Failed to ping DB","caller":"sql/sql_utils.go:77","database":"master","dataSource":"postgres://****:****@postgres:5432/mattermost?connect_timeout=10&sslmode=disable","retrying in seconds":2,"error":"dial tcp 172.18.0.2:5432: connect: connection refused"}
{"timestamp":"2026-01-22 09:21:36.615 +02:00","level":"info","msg":"Pinging SQL","caller":"sql/sql_utils.go:68","database":"master","dataSource":"postgres://****:****@postgres:5432/mattermost?connect_timeout=10&sslmode=disable","attempt":2}
{"timestamp":"2026-01-22 09:21:38.839 +02:00","level":"info","msg":"Starting websocket hubs","caller":"platform/web_hub.go:122","number_of_hubs":16}
{"timestamp":"2026-01-22 09:21:38.842 +02:00","level":"info","msg":"Loaded system translations","caller":"i18n/i18n.go:240","for locale":"en","from locale":"/mattermost/i18n/en.json"}
{"timestamp":"2026-01-22 09:21:38.847 +02:00","level":"info","msg":"Ensuring the telemetry ID..","caller":"telemetry/telemetry.go:187"}
{"timestamp":"2026-01-22 09:21:38.851 +02:00","level":"info","msg":"telemetry ID is set","caller":"telemetry/telemetry.go:197","id":"54bpkwudpjd9brrkaaj7t7h5wc"}
{"timestamp":"2026-01-22 09:21:38.861 +02:00","level":"info","msg":"Current version is 10.12.4 (19423977602/Fri Nov 21 15:39:24 UTC 2025/463e0d0d3930782d3c975da26c991dcbfccd751c/none)","caller":"app/server.go:410","current_version":"10.12.4","build_number":"19423977602","build_date":"Fri Nov 21 15:39:24 UTC 2025","build_hash":"463e0d0d3930782d3c975da26c991dcbfccd751c","build_hash_enterprise":"none","service_environment":"production"}
{"timestamp":"2026-01-22 09:21:38.861 +02:00","level":"info","msg":"Team Edition Build","caller":"app/server.go:426","enterprise_build":false}
{"timestamp":"2026-01-22 09:21:38.861 +02:00","level":"info","msg":"Printing current working","caller":"app/server.go:430","directory":"/mattermost"}
{"timestamp":"2026-01-22 09:21:38.861 +02:00","level":"info","msg":"Loaded config","caller":"app/server.go:431","source":"file:///mattermost/config/config.json"}
{"timestamp":"2026-01-22 09:21:38.866 +02:00","level":"info","msg":"License key has not been uploaded. Loading license key from disk.","caller":"utils/license.go:107","filename":"/mattermost/config/mattermost.mattermost-license"}
{"timestamp":"2026-01-22 09:21:38.866 +02:00","level":"warn","msg":"Failed to get license from disk","caller":"platform/license.go:93","error":"We could not find the license key on disk at /mattermost/config/mattermost.mattermost-license: stat /mattermost/config/mattermost.mattermost-license: no such file or directory"}
{"timestamp":"2026-01-22 09:21:38.867 +02:00","level":"warn","msg":"License key from https://mattermost.com required to unlock enterprise features.","caller":"platform/license.go:105","error":"resource \"License\" not found, id: "}
{"timestamp":"2026-01-22 09:21:38.868 +02:00","level":"info","msg":"Starting workers","caller":"jobs/workers.go:48"}
{"timestamp":"2026-01-22 09:21:38.868 +02:00","level":"info","msg":"Starting schedulers.","caller":"jobs/schedulers.go:54"}
{"timestamp":"2026-01-22 09:21:38.869 +02:00","level":"info","msg":"Migrating roles to database.","caller":"app/migrations.go:44"}
{"timestamp":"2026-01-22 09:21:38.889 +02:00","level":"warn","msg":"Fetching time of first server run failed. Setting to 'now'.","caller":"app/server.go:523"}
{"timestamp":"2026-01-22 09:21:38.994 +02:00","level":"info","msg":"Migrating emojis config to database.","caller":"app/migrations.go:127"}
{"timestamp":"2026-01-22 09:21:41.157 +02:00","level":"info","msg":"Starting up plugins","caller":"app/plugin.go:190"}
{"timestamp":"2026-01-22 09:21:41.157 +02:00","level":"info","msg":"Syncing plugins from the file store","caller":"app/plugin.go:267"}
{"timestamp":"2026-01-22 09:21:41.163 +02:00","level":"info","msg":"No plugins to sync from the file store","caller":"app/plugin.go:310"}
{"timestamp":"2026-01-22 09:21:41.163 +02:00","level":"info","msg":"Processing prepackaged plugin","caller":"app/plugin.go:930"}
{"timestamp":"2026-01-22 09:21:41.166 +02:00","level":"info","msg":"Processing prepackaged plugin","caller":"app/plugin.go:1021","bundle_path":"/mattermost/prepackaged_plugins/mattermost-plugin-zoom-v1.8.0-linux-amd64.tar.gz","signature_path":"/mattermost/prepackaged_plugins/mattermost-plugin-zoom-v1.8.0-linux-amd64.tar.gz.sig"}
{"timestamp":"2026-01-22 09:21:41.166 +02:00","level":"info","msg":"Processing prepackaged plugin","caller":"app/plugin.go:1021","bundle_path":"/mattermost/prepackaged_plugins/mattermost-plugin-servicenow-v2.3.4-linux-amd64.tar.gz","signature_path":"/mattermost/prepackaged_plugins/mattermost-plugin-servicenow-v2.3.4-linux-amd64.tar.gz.sig"}
{"timestamp":"2026-01-22 09:21:41.166 +02:00","level":"info","msg":"Processing prepackaged plugin","caller":"app/plugin.go:1021","bundle_path":"/mattermost/prepackaged_plugins/mattermost-plugin-calls-v1.11.0-linux-amd64.tar.gz","signature_path":"/mattermost/prepackaged_plugins/mattermost-plugin-calls-v1.11.0-linux-amd64.tar.gz.sig"}
{"timestamp":"2026-01-22 09:21:41.166 +02:00","level":"info","msg":"Processing prepackaged plugin","caller":"app/plugin.go:1021","bundle_path":"/mattermost/prepackaged_plugins/mattermost-plugin-boards-v9.1.7-linux-amd64.tar.gz","signature_path":"/mattermost/prepackaged_plugins/mattermost-plugin-boards-v9.1.7-linux-amd64.tar.gz.sig"}
{"timestamp":"2026-01-22 09:21:41.166 +02:00","level":"info","msg":"Processing prepackaged plugin","caller":"app/plugin.go:1021","bundle_path":"/mattermost/prepackaged_plugins/mattermost-plugin-agents-v1.2.4-linux-amd64.tar.gz","signature_path":"/mattermost/prepackaged_plugins/mattermost-plugin-agents-v1.2.4-linux-amd64.tar.gz.sig"}
{"timestamp":"2026-01-22 09:21:41.166 +02:00","level":"info","msg":"Processing prepackaged plugin","caller":"app/plugin.go:1021","bundle_path":"/mattermost/prepackaged_plugins/mattermost-plugin-msteams-v2.2.2-linux-amd64.tar.gz","signature_path":"/mattermost/prepackaged_plugins/mattermost-plugin-msteams-v2.2.2-linux-amd64.tar.gz.sig"}
{"timestamp":"2026-01-22 09:21:41.167 +02:00","level":"info","msg":"Processing prepackaged plugin","caller":"app/plugin.go:1021","bundle_path":"/mattermost/prepackaged_plugins/mattermost-plugin-github-v2.4.0-linux-amd64.tar.gz","signature_path":"/mattermost/prepackaged_plugins/mattermost-plugin-github-v2.4.0-linux-amd64.tar.gz.sig"}
{"timestamp":"2026-01-22 09:21:41.167 +02:00","level":"info","msg":"Processing prepackaged plugin","caller":"app/plugin.go:1021","bundle_path":"/mattermost/prepackaged_plugins/mattermost-plugin-user-survey-v1.1.1-linux-amd64.tar.gz","signature_path":"/mattermost/prepackaged_plugins/mattermost-plugin-user-survey-v1.1.1-linux-amd64.tar.gz.sig"}
{"timestamp":"2026-01-22 09:21:41.167 +02:00","level":"info","msg":"Processing prepackaged plugin","caller":"app/plugin.go:1021","bundle_path":"/mattermost/prepackaged_plugins/mattermost-plugin-playbooks-v1.41.1-linux-amd64.tar.gz","signature_path":"/mattermost/prepackaged_plugins/mattermost-plugin-playbooks-v1.41.1-linux-amd64.tar.gz.sig"}
{"timestamp":"2026-01-22 09:21:41.167 +02:00","level":"info","msg":"Processing prepackaged plugin","caller":"app/plugin.go:1021","bundle_path":"/mattermost/prepackaged_plugins/mattermost-plugin-metrics-v0.7.0-linux-amd64.tar.gz","signature_path":"/mattermost/prepackaged_plugins/mattermost-plugin-metrics-v0.7.0-linux-amd64.tar.gz.sig"}
{"timestamp":"2026-01-22 09:21:41.171 +02:00","level":"info","msg":"Processing prepackaged plugin","caller":"app/plugin.go:1021","bundle_path":"/mattermost/prepackaged_plugins/mattermost-plugin-gitlab-v1.10.0-linux-amd64.tar.gz","signature_path":"/mattermost/prepackaged_plugins/mattermost-plugin-gitlab-v1.10.0-linux-amd64.tar.gz.sig"}
{"timestamp":"2026-01-22 09:21:41.171 +02:00","level":"info","msg":"Processing prepackaged plugin","caller":"app/plugin.go:1021","bundle_path":"/mattermost/prepackaged_plugins/mattermost-plugin-playbooks-v2.3.0-linux-amd64.tar.gz","signature_path":"/mattermost/prepackaged_plugins/mattermost-plugin-playbooks-v2.3.0-linux-amd64.tar.gz.sig"}
{"timestamp":"2026-01-22 09:21:41.184 +02:00","level":"info","msg":"Processing prepackaged plugin","caller":"app/plugin.go:1021","bundle_path":"/mattermost/prepackaged_plugins/mattermost-plugin-channel-export-v1.2.1-linux-amd64.tar.gz","signature_path":"/mattermost/prepackaged_plugins/mattermost-plugin-channel-export-v1.2.1-linux-amd64.tar.gz.sig"}
{"timestamp":"2026-01-22 09:21:41.184 +02:00","level":"info","msg":"Processing prepackaged plugin","caller":"app/plugin.go:1021","bundle_path":"/mattermost/prepackaged_plugins/mattermost-plugin-jira-v4.4.1-linux-amd64.tar.gz","signature_path":"/mattermost/prepackaged_plugins/mattermost-plugin-jira-v4.4.1-linux-amd64.tar.gz.sig"}
{"timestamp":"2026-01-22 09:21:41.188 +02:00","level":"info","msg":"Processing prepackaged plugin","caller":"app/plugin.go:1021","bundle_path":"/mattermost/prepackaged_plugins/mattermost-plugin-mscalendar-v1.3.4-linux-amd64.tar.gz","signature_path":"/mattermost/prepackaged_plugins/mattermost-plugin-mscalendar-v1.3.4-linux-amd64.tar.gz.sig"}
{"timestamp":"2026-01-22 09:21:41.192 +02:00","level":"info","msg":"Processing prepackaged plugin","caller":"app/plugin.go:1021","bundle_path":"/mattermost/prepackaged_plugins/mattermost-plugin-msteams-meetings-v2.3.0-linux-amd64.tar.gz","signature_path":"/mattermost/prepackaged_plugins/mattermost-plugin-msteams-meetings-v2.3.0-linux-amd64.tar.gz.sig"}
{"timestamp":"2026-01-22 09:21:42.165 +02:00","level":"info","msg":"Not installing prepackaged plugin: not previously enabled","caller":"app/plugin.go:1072","bundle_path":"/mattermost/prepackaged_plugins/mattermost-plugin-channel-export-v1.2.1-linux-amd64.tar.gz","signature_path":"/mattermost/prepackaged_plugins/mattermost-plugin-channel-export-v1.2.1-linux-amd64.tar.gz.sig","plugin_id":"com.mattermost.plugin-channel-export"}
{"timestamp":"2026-01-22 09:21:42.202 +02:00","level":"info","msg":"Not installing prepackaged plugin: not previously enabled","caller":"app/plugin.go:1072","bundle_path":"/mattermost/prepackaged_plugins/mattermost-plugin-servicenow-v2.3.4-linux-amd64.tar.gz","signature_path":"/mattermost/prepackaged_plugins/mattermost-plugin-servicenow-v2.3.4-linux-amd64.tar.gz.sig","plugin_id":"mattermost-plugin-servicenow"}
{"timestamp":"2026-01-22 09:21:42.255 +02:00","level":"info","msg":"Not installing prepackaged plugin: not previously enabled","caller":"app/plugin.go:1072","bundle_path":"/mattermost/prepackaged_plugins/mattermost-plugin-user-survey-v1.1.1-linux-amd64.tar.gz","signature_path":"/mattermost/prepackaged_plugins/mattermost-plugin-user-survey-v1.1.1-linux-amd64.tar.gz.sig","plugin_id":"com.mattermost.user-survey"}
{"timestamp":"2026-01-22 09:21:42.282 +02:00","level":"info","msg":"Not installing prepackaged plugin: not previously enabled","caller":"app/plugin.go:1072","bundle_path":"/mattermost/prepackaged_plugins/mattermost-plugin-jira-v4.4.1-linux-amd64.tar.gz","signature_path":"/mattermost/prepackaged_plugins/mattermost-plugin-jira-v4.4.1-linux-amd64.tar.gz.sig","plugin_id":"jira"}
{"timestamp":"2026-01-22 09:21:42.324 +02:00","level":"info","msg":"Not installing prepackaged plugin: not previously enabled","caller":"app/plugin.go:1072","bundle_path":"/mattermost/prepackaged_plugins/mattermost-plugin-github-v2.4.0-linux-amd64.tar.gz","signature_path":"/mattermost/prepackaged_plugins/mattermost-plugin-github-v2.4.0-linux-amd64.tar.gz.sig","plugin_id":"github"}
{"timestamp":"2026-01-22 09:21:42.357 +02:00","level":"info","msg":"Not installing prepackaged plugin: not previously enabled","caller":"app/plugin.go:1072","bundle_path":"/mattermost/prepackaged_plugins/mattermost-plugin-zoom-v1.8.0-linux-amd64.tar.gz","signature_path":"/mattermost/prepackaged_plugins/mattermost-plugin-zoom-v1.8.0-linux-amd64.tar.gz.sig","plugin_id":"zoom"}
{"timestamp":"2026-01-22 09:21:42.400 +02:00","level":"info","msg":"Not installing prepackaged plugin: not previously enabled","caller":"app/plugin.go:1072","bundle_path":"/mattermost/prepackaged_plugins/mattermost-plugin-metrics-v0.7.0-linux-amd64.tar.gz","signature_path":"/mattermost/prepackaged_plugins/mattermost-plugin-metrics-v0.7.0-linux-amd64.tar.gz.sig","plugin_id":"com.mattermost.mattermost-plugin-metrics"}
{"timestamp":"2026-01-22 09:21:42.461 +02:00","level":"info","msg":"Not installing prepackaged plugin: not previously enabled","caller":"app/plugin.go:1072","bundle_path":"/mattermost/prepackaged_plugins/mattermost-plugin-gitlab-v1.10.0-linux-amd64.tar.gz","signature_path":"/mattermost/prepackaged_plugins/mattermost-plugin-gitlab-v1.10.0-linux-amd64.tar.gz.sig","plugin_id":"com.github.manland.mattermost-plugin-gitlab"}
{"timestamp":"2026-01-22 09:21:42.484 +02:00","level":"info","msg":"Not installing prepackaged plugin: not previously enabled","caller":"app/plugin.go:1072","bundle_path":"/mattermost/prepackaged_plugins/mattermost-plugin-mscalendar-v1.3.4-linux-amd64.tar.gz","signature_path":"/mattermost/prepackaged_plugins/mattermost-plugin-mscalendar-v1.3.4-linux-amd64.tar.gz.sig","plugin_id":"com.mattermost.mscalendar"}
{"timestamp":"2026-01-22 09:21:42.492 +02:00","level":"warn","msg":"Error loading local plugin icon","caller":"app/plugin.go:1295","bundle_path":"/mattermost/prepackaged_plugins/mattermost-plugin-agents-v1.2.4-linux-amd64.tar.gz","signature_path":"/mattermost/prepackaged_plugins/mattermost-plugin-agents-v1.2.4-linux-amd64.tar.gz.sig","icon_path":"assets/bot_icon.png","error":"icon is not svg /tmp/plugintmp8240737/mattermost-ai/assets/bot_icon.png"}
{"timestamp":"2026-01-22 09:21:42.492 +02:00","level":"info","msg":"Installing extracted plugin","caller":"app/plugin_install.go:449","plugin_id":"mattermost-ai","version":"1.2.4"}
{"timestamp":"2026-01-22 09:21:42.618 +02:00","level":"info","msg":"Not installing prepackaged plugin: not previously enabled","caller":"app/plugin.go:1072","bundle_path":"/mattermost/prepackaged_plugins/mattermost-plugin-msteams-meetings-v2.3.0-linux-amd64.tar.gz","signature_path":"/mattermost/prepackaged_plugins/mattermost-plugin-msteams-meetings-v2.3.0-linux-amd64.tar.gz.sig","plugin_id":"com.mattermost.msteamsmeetings"}
{"timestamp":"2026-01-22 09:21:42.796 +02:00","level":"info","msg":"Installing extracted plugin","caller":"app/plugin_install.go:449","plugin_id":"com.mattermost.calls","version":"1.11.0"}
{"timestamp":"2026-01-22 09:21:42.803 +02:00","level":"info","msg":"Skip installing prepackaged playbooks >=v2 because the license does not allow it","caller":"app/plugin.go:1052","bundle_path":"/mattermost/prepackaged_plugins/mattermost-plugin-playbooks-v2.3.0-linux-amd64.tar.gz","signature_path":"/mattermost/prepackaged_plugins/mattermost-plugin-playbooks-v2.3.0-linux-amd64.tar.gz.sig","plugin_id":"playbooks"}
{"timestamp":"2026-01-22 09:21:42.828 +02:00","level":"info","msg":"Installing extracted plugin","caller":"app/plugin_install.go:449","plugin_id":"playbooks","version":"1.41.1"}
{"timestamp":"2026-01-22 09:21:43.148 +02:00","level":"info","msg":"Not installing prepackaged plugin: not previously enabled","caller":"app/plugin.go:1072","bundle_path":"/mattermost/prepackaged_plugins/mattermost-plugin-boards-v9.1.7-linux-amd64.tar.gz","signature_path":"/mattermost/prepackaged_plugins/mattermost-plugin-boards-v9.1.7-linux-amd64.tar.gz.sig","plugin_id":"focalboard"}
{"timestamp":"2026-01-22 09:21:43.807 +02:00","level":"info","msg":"Not installing prepackaged plugin: not previously enabled","caller":"app/plugin.go:1072","bundle_path":"/mattermost/prepackaged_plugins/mattermost-plugin-msteams-v2.2.2-linux-amd64.tar.gz","signature_path":"/mattermost/prepackaged_plugins/mattermost-plugin-msteams-v2.2.2-linux-amd64.tar.gz.sig","plugin_id":"com.mattermost.msteams-sync"}
{"timestamp":"2026-01-22 09:21:45.175 +02:00","level":"info","msg":"Post.Message has size restrictions","caller":"sqlstore/post_store.go:2790","max_characters":16383,"max_bytes":65535}
{"timestamp":"2026-01-22 09:21:45.219 +02:00","level":"error","msg":"failed to initialize search infrastructure","caller":"app/plugin_api.go:1127","plugin_id":"mattermost-ai","error":"search is disabled"}
{"timestamp":"2026-01-22 09:21:45.224 +02:00","level":"error","msg":"ffmpeg not installed, transcriptions will be disabled.","caller":"app/plugin_api.go:1127","plugin_id":"mattermost-ai"}
{"timestamp":"2026-01-22 09:21:47.465 +02:00","level":"warn","msg":"failed to get public IP address for local interface","caller":"app/plugin_api.go:1131","plugin_id":"com.mattermost.calls","origin":"main.(*logger).Warn log.go:108","localAddr":"127.0.0.1","error":"failed to get public address: write udp4 127.0.0.1:8443->52.72.139.62:3478: sendto: invalid argument"}
{"timestamp":"2026-01-22 09:21:47.592 +02:00","level":"info","msg":"got public IP address for local interface","caller":"app/plugin_api.go:1123","plugin_id":"com.mattermost.calls","origin":"main.(*logger).Info log.go:104","localAddr":"172.18.0.3","remoteAddr":"80.235.51.237"}
{"timestamp":"2026-01-22 09:21:47.593 +02:00","level":"info","msg":"rtc: server is listening on udp 127.0.0.1:8443","caller":"app/plugin_api.go:1123","plugin_id":"com.mattermost.calls","origin":"main.(*logger).Info log.go:104"}
{"timestamp":"2026-01-22 09:21:47.597 +02:00","level":"info","msg":"rtc: server is listening on udp 172.18.0.3:8443","caller":"app/plugin_api.go:1123","plugin_id":"com.mattermost.calls","origin":"main.(*logger).Info log.go:104"}
{"timestamp":"2026-01-22 09:21:47.601 +02:00","level":"info","msg":"Listening TCP on 0.0.0.0:8443","caller":"app/plugin_api.go:1123","plugin_id":"com.mattermost.calls","origin":"main.(*logger).Info log.go:104","origin":"ice/v4.(*TCPMuxDefault).start github.com/pion/ice/v4@v4.0.10/tcp_mux.go:99"}
{"timestamp":"2026-01-22 09:21:49.156 +02:00","level":"info","msg":"Should persist transitionally prepackaged plugin: not currently in filestore","caller":"app/plugin.go:1145","plugin_id":"playbooks","prepackaged_version":"1.41.1"}
{"timestamp":"2026-01-22 09:21:49.156 +02:00","level":"info","msg":"Persisting transitionally prepackaged plugin","caller":"app/plugin.go:1226","plugin_id":"playbooks","version":"1.41.1","bundle_path":"/mattermost/prepackaged_plugins/mattermost-plugin-playbooks-v1.41.1-linux-amd64.tar.gz","signature_path":"/mattermost/prepackaged_plugins/mattermost-plugin-playbooks-v1.41.1-linux-amd64.tar.gz.sig"}
{"timestamp":"2026-01-22 09:21:49.156 +02:00","level":"info","msg":"Persisting plugin to filestore","caller":"app/plugin_install.go:235","plugin_id":"playbooks"}
{"timestamp":"2026-01-22 09:21:49.414 +02:00","level":"info","msg":"Finished persisting transitionally prepackaged plugins","caller":"app/plugin.go:1253"}
{"timestamp":"2026-01-22 09:21:49.450 +02:00","level":"error","msg":"Mail server connection test failed","caller":"app/server.go:870","error":"unable to connect: unable to connect to the SMTP server: dial tcp [::1]:10025: connect: connection refused"}
{"timestamp":"2026-01-22 09:21:49.465 +02:00","level":"info","msg":"Starting Server...","caller":"app/server.go:890"}
{"timestamp":"2026-01-22 09:21:49.472 +02:00","level":"info","msg":"Server is listening on [::]:8065","caller":"app/server.go:966","address":"[::]:8065"}
{"timestamp":"2026-01-22 09:22:02.920 +02:00","level":"info","msg":"Worker: Job is complete","caller":"jobs/batch_migration_worker.go:71"}
{"timestamp":"2026-01-22 09:22:02.920 +02:00","level":"info","msg":"Worker: Job is complete","caller":"jobs/batch_migration_worker.go:71"}
{"timestamp":"2026-01-22 09:22:02.920 +02:00","level":"info","msg":"Worker: Job is complete","caller":"jobs/batch_migration_worker.go:71"}
{"timestamp":"2026-01-22 09:22:47.138 +02:00","level":"info","msg":"Worker: Job is complete","caller":"migrations/worker.go:131","worker_name":"Migrations","job_id":"wjcf96hnzbgzfn6ufpesxtqajy","job_type":"migrations","job_create_at":"Jan 22 07:22:46.876"}
{"timestamp":"2026-01-22 09:24:45.223 +02:00","level":"info","msg":"Stopping Server...","caller":"app/server.go:672"}
{"timestamp":"2026-01-22 09:24:45.242 +02:00","level":"info","msg":"Shutting down Email batching service...","caller":"email/service.go:85"}
{"timestamp":"2026-01-22 09:24:45.242 +02:00","level":"info","msg":"Stopped workers","caller":"jobs/workers.go:90"}
{"timestamp":"2026-01-22 09:24:45.242 +02:00","level":"info","msg":"Stopping schedulers.","caller":"jobs/schedulers.go:126"}
{"timestamp":"2026-01-22 09:24:45.242 +02:00","level":"info","msg":"Schedulers stopped.","caller":"jobs/schedulers.go:57"}
{"timestamp":"2026-01-22 09:24:45.242 +02:00","level":"info","msg":"Shutting down plugins","caller":"app/plugin.go:365"}
{"timestamp":"2026-01-22 09:24:45.245 +02:00","level":"info","msg":"Error accepting connection: accept tcp4 0.0.0.0:8443: use of closed network connection","caller":"app/plugin_api.go:1123","plugin_id":"com.mattermost.calls","origin":"main.(*logger).Info log.go:104","origin":"ice/v4.(*TCPMuxDefault).start github.com/pion/ice/v4@v4.0.10/tcp_mux.go:103"}
{"timestamp":"2026-01-22 09:24:45.246 +02:00","level":"info","msg":"rtc: server was shutdown","caller":"app/plugin_api.go:1123","plugin_id":"com.mattermost.calls","origin":"main.(*logger).Info log.go:104"}
{"timestamp":"2026-01-22 09:24:45.252 +02:00","level":"info","msg":"Shutting down store..","caller":"app/plugin_api.go:1123","plugin_id":"playbooks","plugin_caller":"github.com/mattermost/mattermost-plugin-playbooks/server/plugin.go:512"}
{"timestamp":"2026-01-22 09:24:45.258 +02:00","level":"info","msg":"plugin process exited","caller":"plugin/hclog_adapter.go:61","plugin_id":"mattermost-ai","wrapped_extras":"pluginplugins/mattermost-ai/server/dist/plugin-linux-amd64id32"}
{"timestamp":"2026-01-22 09:24:45.267 +02:00","level":"info","msg":"plugin process exited","caller":"plugin/hclog_adapter.go:61","plugin_id":"playbooks","wrapped_extras":"pluginplugins/playbooks/server/dist/plugin-linux-amd64id44"}
{"timestamp":"2026-01-22 09:24:45.288 +02:00","level":"error","msg":"failed to get all active calls: failed to get calls: sql: database is closed","caller":"app/plugin_api.go:1127","plugin_id":"com.mattermost.calls","origin":"main.(*Plugin).OnDeactivate activate.go:245"}
{"timestamp":"2026-01-22 09:24:45.315 +02:00","level":"info","msg":"plugin process exited","caller":"plugin/hclog_adapter.go:61","plugin_id":"com.mattermost.calls","wrapped_extras":"pluginplugins/com.mattermost.calls/server/dist/plugin-linux-amd64id58"}
{"timestamp":"2026-01-22 09:24:45.315 +02:00","level":"info","msg":"stopping websocket hub connections","caller":"platform/web_hub.go:143"}
{"timestamp":"2026-01-22 09:24:45.316 +02:00","level":"info","msg":"Server stopped","caller":"app/server.go:752"}
{"timestamp":"2026-01-22 09:25:06.761 +02:00","level":"info","msg":"Successfully connected to cache backend","caller":"platform/service.go:205","backend":"lru","result":"OK"}
{"timestamp":"2026-01-22 09:25:06.761 +02:00","level":"info","msg":"Server is initializing...","caller":"platform/service.go:208","go_version":"go1.24.6"}
{"timestamp":"2026-01-22 09:25:06.841 +02:00","level":"info","msg":"Starting websocket hubs","caller":"platform/web_hub.go:122","number_of_hubs":16}
{"timestamp":"2026-01-22 09:25:06.843 +02:00","level":"info","msg":"Loaded system translations","caller":"i18n/i18n.go:240","for locale":"en","from locale":"/mattermost/i18n/en.json"}
{"timestamp":"2026-01-22 09:25:06.848 +02:00","level":"info","msg":"Ensuring the telemetry ID..","caller":"telemetry/telemetry.go:187"}
{"timestamp":"2026-01-22 09:25:06.850 +02:00","level":"info","msg":"telemetry ID is set","caller":"telemetry/telemetry.go:197","id":"54bpkwudpjd9brrkaaj7t7h5wc"}
{"timestamp":"2026-01-22 09:25:06.859 +02:00","level":"info","msg":"Current version is 10.12.4 (19423977602/Fri Nov 21 15:39:24 UTC 2025/463e0d0d3930782d3c975da26c991dcbfccd751c/none)","caller":"app/server.go:410","current_version":"10.12.4","build_number":"19423977602","build_date":"Fri Nov 21 15:39:24 UTC 2025","build_hash":"463e0d0d3930782d3c975da26c991dcbfccd751c","build_hash_enterprise":"none","service_environment":"production"}
{"timestamp":"2026-01-22 09:25:06.859 +02:00","level":"info","msg":"Team Edition Build","caller":"app/server.go:426","enterprise_build":false}
{"timestamp":"2026-01-22 09:25:06.859 +02:00","level":"info","msg":"Printing current working","caller":"app/server.go:430","directory":"/mattermost"}
{"timestamp":"2026-01-22 09:25:06.859 +02:00","level":"info","msg":"Loaded config","caller":"app/server.go:431","source":"file:///mattermost/config/config.json"}
{"timestamp":"2026-01-22 09:25:06.865 +02:00","level":"info","msg":"License key has not been uploaded. Loading license key from disk.","caller":"utils/license.go:107","filename":"/mattermost/config/mattermost.mattermost-license"}
{"timestamp":"2026-01-22 09:25:06.865 +02:00","level":"warn","msg":"Failed to get license from disk","caller":"platform/license.go:93","error":"We could not find the license key on disk at /mattermost/config/mattermost.mattermost-license: stat /mattermost/config/mattermost.mattermost-license: no such file or directory"}
{"timestamp":"2026-01-22 09:25:06.866 +02:00","level":"warn","msg":"License key from https://mattermost.com required to unlock enterprise features.","caller":"platform/license.go:105","error":"resource \"License\" not found, id: "}
{"timestamp":"2026-01-22 09:25:06.867 +02:00","level":"info","msg":"Starting workers","caller":"jobs/workers.go:48"}
{"timestamp":"2026-01-22 09:25:06.869 +02:00","level":"info","msg":"Starting schedulers.","caller":"jobs/schedulers.go:54"}
{"timestamp":"2026-01-22 09:25:07.027 +02:00","level":"info","msg":"Starting up plugins","caller":"app/plugin.go:190"}
{"timestamp":"2026-01-22 09:25:07.028 +02:00","level":"info","msg":"Syncing plugins from the file store","caller":"app/plugin.go:267"}
{"timestamp":"2026-01-22 09:25:07.059 +02:00","level":"info","msg":"Removing local installation of managed plugin before sync","caller":"app/plugin.go:294","plugin_id":"mattermost-ai"}
{"timestamp":"2026-01-22 09:25:07.059 +02:00","level":"info","msg":"Removing local installation of managed plugin before sync","caller":"app/plugin.go:294","plugin_id":"com.mattermost.calls"}
{"timestamp":"2026-01-22 09:25:07.059 +02:00","level":"info","msg":"Removing local installation of managed plugin before sync","caller":"app/plugin.go:294","plugin_id":"playbooks"}
{"timestamp":"2026-01-22 09:25:07.276 +02:00","level":"info","msg":"Syncing plugin from file store","caller":"app/plugin.go:345","plugin_id":"playbooks","bundle_path":"plugins/playbooks.tar.gz","signature_path":"plugins/playbooks.tar.gz.sig"}
{"timestamp":"2026-01-22 09:25:09.026 +02:00","level":"info","msg":"Installing extracted plugin","caller":"app/plugin_install.go:449","plugin_id":"playbooks","version":"1.41.1"}
{"timestamp":"2026-01-22 09:25:12.312 +02:00","level":"info","msg":"Processing prepackaged plugin","caller":"app/plugin.go:930"}
{"timestamp":"2026-01-22 09:25:12.316 +02:00","level":"info","msg":"Processing prepackaged plugin","caller":"app/plugin.go:1021","bundle_path":"/mattermost/prepackaged_plugins/mattermost-plugin-user-survey-v1.1.1-linux-amd64.tar.gz","signature_path":"/mattermost/prepackaged_plugins/mattermost-plugin-user-survey-v1.1.1-linux-amd64.tar.gz.sig"}
{"timestamp":"2026-01-22 09:25:12.316 +02:00","level":"info","msg":"Processing prepackaged plugin","caller":"app/plugin.go:1021","bundle_path":"/mattermost/prepackaged_plugins/mattermost-plugin-jira-v4.4.1-linux-amd64.tar.gz","signature_path":"/mattermost/prepackaged_plugins/mattermost-plugin-jira-v4.4.1-linux-amd64.tar.gz.sig"}
{"timestamp":"2026-01-22 09:25:12.316 +02:00","level":"info","msg":"Processing prepackaged plugin","caller":"app/plugin.go:1021","bundle_path":"/mattermost/prepackaged_plugins/mattermost-plugin-github-v2.4.0-linux-amd64.tar.gz","signature_path":"/mattermost/prepackaged_plugins/mattermost-plugin-github-v2.4.0-linux-amd64.tar.gz.sig"}
{"timestamp":"2026-01-22 09:25:12.317 +02:00","level":"info","msg":"Processing prepackaged plugin","caller":"app/plugin.go:1021","bundle_path":"/mattermost/prepackaged_plugins/mattermost-plugin-calls-v1.11.0-linux-amd64.tar.gz","signature_path":"/mattermost/prepackaged_plugins/mattermost-plugin-calls-v1.11.0-linux-amd64.tar.gz.sig"}
{"timestamp":"2026-01-22 09:25:12.317 +02:00","level":"info","msg":"Processing prepackaged plugin","caller":"app/plugin.go:1021","bundle_path":"/mattermost/prepackaged_plugins/mattermost-plugin-boards-v9.1.7-linux-amd64.tar.gz","signature_path":"/mattermost/prepackaged_plugins/mattermost-plugin-boards-v9.1.7-linux-amd64.tar.gz.sig"}
{"timestamp":"2026-01-22 09:25:12.322 +02:00","level":"info","msg":"Processing prepackaged plugin","caller":"app/plugin.go:1021","bundle_path":"/mattermost/prepackaged_plugins/mattermost-plugin-gitlab-v1.10.0-linux-amd64.tar.gz","signature_path":"/mattermost/prepackaged_plugins/mattermost-plugin-gitlab-v1.10.0-linux-amd64.tar.gz.sig"}
{"timestamp":"2026-01-22 09:25:12.322 +02:00","level":"info","msg":"Processing prepackaged plugin","caller":"app/plugin.go:1021","bundle_path":"/mattermost/prepackaged_plugins/mattermost-plugin-msteams-v2.2.2-linux-amd64.tar.gz","signature_path":"/mattermost/prepackaged_plugins/mattermost-plugin-msteams-v2.2.2-linux-amd64.tar.gz.sig"}
{"timestamp":"2026-01-22 09:25:12.324 +02:00","level":"info","msg":"Processing prepackaged plugin","caller":"app/plugin.go:1021","bundle_path":"/mattermost/prepackaged_plugins/mattermost-plugin-mscalendar-v1.3.4-linux-amd64.tar.gz","signature_path":"/mattermost/prepackaged_plugins/mattermost-plugin-mscalendar-v1.3.4-linux-amd64.tar.gz.sig"}
{"timestamp":"2026-01-22 09:25:12.327 +02:00","level":"info","msg":"Processing prepackaged plugin","caller":"app/plugin.go:1021","bundle_path":"/mattermost/prepackaged_plugins/mattermost-plugin-zoom-v1.8.0-linux-amd64.tar.gz","signature_path":"/mattermost/prepackaged_plugins/mattermost-plugin-zoom-v1.8.0-linux-amd64.tar.gz.sig"}
{"timestamp":"2026-01-22 09:25:12.327 +02:00","level":"info","msg":"Processing prepackaged plugin","caller":"app/plugin.go:1021","bundle_path":"/mattermost/prepackaged_plugins/mattermost-plugin-playbooks-v1.41.1-linux-amd64.tar.gz","signature_path":"/mattermost/prepackaged_plugins/mattermost-plugin-playbooks-v1.41.1-linux-amd64.tar.gz.sig"}
{"timestamp":"2026-01-22 09:25:12.332 +02:00","level":"info","msg":"Processing prepackaged plugin","caller":"app/plugin.go:1021","bundle_path":"/mattermost/prepackaged_plugins/mattermost-plugin-servicenow-v2.3.4-linux-amd64.tar.gz","signature_path":"/mattermost/prepackaged_plugins/mattermost-plugin-servicenow-v2.3.4-linux-amd64.tar.gz.sig"}
{"timestamp":"2026-01-22 09:25:12.332 +02:00","level":"info","msg":"Processing prepackaged plugin","caller":"app/plugin.go:1021","bundle_path":"/mattermost/prepackaged_plugins/mattermost-plugin-metrics-v0.7.0-linux-amd64.tar.gz","signature_path":"/mattermost/prepackaged_plugins/mattermost-plugin-metrics-v0.7.0-linux-amd64.tar.gz.sig"}
{"timestamp":"2026-01-22 09:25:12.332 +02:00","level":"info","msg":"Processing prepackaged plugin","caller":"app/plugin.go:1021","bundle_path":"/mattermost/prepackaged_plugins/mattermost-plugin-agents-v1.2.4-linux-amd64.tar.gz","signature_path":"/mattermost/prepackaged_plugins/mattermost-plugin-agents-v1.2.4-linux-amd64.tar.gz.sig"}
{"timestamp":"2026-01-22 09:25:12.336 +02:00","level":"info","msg":"Processing prepackaged plugin","caller":"app/plugin.go:1021","bundle_path":"/mattermost/prepackaged_plugins/mattermost-plugin-channel-export-v1.2.1-linux-amd64.tar.gz","signature_path":"/mattermost/prepackaged_plugins/mattermost-plugin-channel-export-v1.2.1-linux-amd64.tar.gz.sig"}
{"timestamp":"2026-01-22 09:25:12.340 +02:00","level":"info","msg":"Processing prepackaged plugin","caller":"app/plugin.go:1021","bundle_path":"/mattermost/prepackaged_plugins/mattermost-plugin-playbooks-v2.3.0-linux-amd64.tar.gz","signature_path":"/mattermost/prepackaged_plugins/mattermost-plugin-playbooks-v2.3.0-linux-amd64.tar.gz.sig"}
{"timestamp":"2026-01-22 09:25:12.356 +02:00","level":"info","msg":"Processing prepackaged plugin","caller":"app/plugin.go:1021","bundle_path":"/mattermost/prepackaged_plugins/mattermost-plugin-msteams-meetings-v2.3.0-linux-amd64.tar.gz","signature_path":"/mattermost/prepackaged_plugins/mattermost-plugin-msteams-meetings-v2.3.0-linux-amd64.tar.gz.sig"}
{"timestamp":"2026-01-22 09:25:13.206 +02:00","level":"info","msg":"Not installing prepackaged plugin: not previously enabled","caller":"app/plugin.go:1072","bundle_path":"/mattermost/prepackaged_plugins/mattermost-plugin-servicenow-v2.3.4-linux-amd64.tar.gz","signature_path":"/mattermost/prepackaged_plugins/mattermost-plugin-servicenow-v2.3.4-linux-amd64.tar.gz.sig","plugin_id":"mattermost-plugin-servicenow"}
{"timestamp":"2026-01-22 09:25:13.217 +02:00","level":"info","msg":"Not installing prepackaged plugin: not previously enabled","caller":"app/plugin.go:1072","bundle_path":"/mattermost/prepackaged_plugins/mattermost-plugin-gitlab-v1.10.0-linux-amd64.tar.gz","signature_path":"/mattermost/prepackaged_plugins/mattermost-plugin-gitlab-v1.10.0-linux-amd64.tar.gz.sig","plugin_id":"com.github.manland.mattermost-plugin-gitlab"}
{"timestamp":"2026-01-22 09:25:13.319 +02:00","level":"info","msg":"Not installing prepackaged plugin: not previously enabled","caller":"app/plugin.go:1072","bundle_path":"/mattermost/prepackaged_plugins/mattermost-plugin-zoom-v1.8.0-linux-amd64.tar.gz","signature_path":"/mattermost/prepackaged_plugins/mattermost-plugin-zoom-v1.8.0-linux-amd64.tar.gz.sig","plugin_id":"zoom"}
{"timestamp":"2026-01-22 09:25:13.345 +02:00","level":"info","msg":"Not installing prepackaged plugin: not previously enabled","caller":"app/plugin.go:1072","bundle_path":"/mattermost/prepackaged_plugins/mattermost-plugin-jira-v4.4.1-linux-amd64.tar.gz","signature_path":"/mattermost/prepackaged_plugins/mattermost-plugin-jira-v4.4.1-linux-amd64.tar.gz.sig","plugin_id":"jira"}
{"timestamp":"2026-01-22 09:25:13.369 +02:00","level":"info","msg":"Not installing prepackaged plugin: not previously enabled","caller":"app/plugin.go:1072","bundle_path":"/mattermost/prepackaged_plugins/mattermost-plugin-github-v2.4.0-linux-amd64.tar.gz","signature_path":"/mattermost/prepackaged_plugins/mattermost-plugin-github-v2.4.0-linux-amd64.tar.gz.sig","plugin_id":"github"}
{"timestamp":"2026-01-22 09:25:13.392 +02:00","level":"info","msg":"Not installing prepackaged plugin: not previously enabled","caller":"app/plugin.go:1072","bundle_path":"/mattermost/prepackaged_plugins/mattermost-plugin-channel-export-v1.2.1-linux-amd64.tar.gz","signature_path":"/mattermost/prepackaged_plugins/mattermost-plugin-channel-export-v1.2.1-linux-amd64.tar.gz.sig","plugin_id":"com.mattermost.plugin-channel-export"}
{"timestamp":"2026-01-22 09:25:13.531 +02:00","level":"info","msg":"Not installing prepackaged plugin: not previously enabled","caller":"app/plugin.go:1072","bundle_path":"/mattermost/prepackaged_plugins/mattermost-plugin-mscalendar-v1.3.4-linux-amd64.tar.gz","signature_path":"/mattermost/prepackaged_plugins/mattermost-plugin-mscalendar-v1.3.4-linux-amd64.tar.gz.sig","plugin_id":"com.mattermost.mscalendar"}
{"timestamp":"2026-01-22 09:25:13.537 +02:00","level":"info","msg":"Not installing prepackaged plugin: not previously enabled","caller":"app/plugin.go:1072","bundle_path":"/mattermost/prepackaged_plugins/mattermost-plugin-user-survey-v1.1.1-linux-amd64.tar.gz","signature_path":"/mattermost/prepackaged_plugins/mattermost-plugin-user-survey-v1.1.1-linux-amd64.tar.gz.sig","plugin_id":"com.mattermost.user-survey"}
{"timestamp":"2026-01-22 09:25:13.675 +02:00","level":"warn","msg":"Error loading local plugin icon","caller":"app/plugin.go:1295","bundle_path":"/mattermost/prepackaged_plugins/mattermost-plugin-agents-v1.2.4-linux-amd64.tar.gz","signature_path":"/mattermost/prepackaged_plugins/mattermost-plugin-agents-v1.2.4-linux-amd64.tar.gz.sig","icon_path":"assets/bot_icon.png","error":"icon is not svg /tmp/plugintmp3390904738/mattermost-ai/assets/bot_icon.png"}
{"timestamp":"2026-01-22 09:25:13.675 +02:00","level":"info","msg":"Installing extracted plugin","caller":"app/plugin_install.go:449","plugin_id":"mattermost-ai","version":"1.2.4"}
{"timestamp":"2026-01-22 09:25:13.716 +02:00","level":"info","msg":"Not installing prepackaged plugin: not previously enabled","caller":"app/plugin.go:1072","bundle_path":"/mattermost/prepackaged_plugins/mattermost-plugin-metrics-v0.7.0-linux-amd64.tar.gz","signature_path":"/mattermost/prepackaged_plugins/mattermost-plugin-metrics-v0.7.0-linux-amd64.tar.gz.sig","plugin_id":"com.mattermost.mattermost-plugin-metrics"}
{"timestamp":"2026-01-22 09:25:13.759 +02:00","level":"info","msg":"Not installing prepackaged plugin: not previously enabled","caller":"app/plugin.go:1072","bundle_path":"/mattermost/prepackaged_plugins/mattermost-plugin-msteams-meetings-v2.3.0-linux-amd64.tar.gz","signature_path":"/mattermost/prepackaged_plugins/mattermost-plugin-msteams-meetings-v2.3.0-linux-amd64.tar.gz.sig","plugin_id":"com.mattermost.msteamsmeetings"}
{"timestamp":"2026-01-22 09:25:13.872 +02:00","level":"info","msg":"Installing extracted plugin","caller":"app/plugin_install.go:449","plugin_id":"playbooks","version":"1.41.1"}
{"timestamp":"2026-01-22 09:25:13.879 +02:00","level":"info","msg":"Installing extracted plugin","caller":"app/plugin_install.go:449","plugin_id":"com.mattermost.calls","version":"1.11.0"}
{"timestamp":"2026-01-22 09:25:13.882 +02:00","level":"warn","msg":"Skipping local installation of plugin since not a newer version","caller":"app/plugin_install.go:491","plugin_id":"playbooks","version":"1.41.1","existing_version":"1.41.1"}
{"timestamp":"2026-01-22 09:25:13.929 +02:00","level":"info","msg":"Skip installing prepackaged playbooks >=v2 because the license does not allow it","caller":"app/plugin.go:1052","bundle_path":"/mattermost/prepackaged_plugins/mattermost-plugin-playbooks-v2.3.0-linux-amd64.tar.gz","signature_path":"/mattermost/prepackaged_plugins/mattermost-plugin-playbooks-v2.3.0-linux-amd64.tar.gz.sig","plugin_id":"playbooks"}
{"timestamp":"2026-01-22 09:25:14.189 +02:00","level":"info","msg":"Not installing prepackaged plugin: not previously enabled","caller":"app/plugin.go:1072","bundle_path":"/mattermost/prepackaged_plugins/mattermost-plugin-boards-v9.1.7-linux-amd64.tar.gz","signature_path":"/mattermost/prepackaged_plugins/mattermost-plugin-boards-v9.1.7-linux-amd64.tar.gz.sig","plugin_id":"focalboard"}
{"timestamp":"2026-01-22 09:25:14.625 +02:00","level":"info","msg":"Not installing prepackaged plugin: not previously enabled","caller":"app/plugin.go:1072","bundle_path":"/mattermost/prepackaged_plugins/mattermost-plugin-msteams-v2.2.2-linux-amd64.tar.gz","signature_path":"/mattermost/prepackaged_plugins/mattermost-plugin-msteams-v2.2.2-linux-amd64.tar.gz.sig","plugin_id":"com.mattermost.msteams-sync"}
{"timestamp":"2026-01-22 09:25:16.160 +02:00","level":"error","msg":"failed to initialize search infrastructure","caller":"app/plugin_api.go:1127","plugin_id":"mattermost-ai","error":"search is disabled"}
{"timestamp":"2026-01-22 09:25:16.164 +02:00","level":"error","msg":"ffmpeg not installed, transcriptions will be disabled.","caller":"app/plugin_api.go:1127","plugin_id":"mattermost-ai"}
{"timestamp":"2026-01-22 09:25:17.737 +02:00","level":"warn","msg":"failed to get public IP address for local interface","caller":"app/plugin_api.go:1131","plugin_id":"com.mattermost.calls","origin":"main.(*logger).Warn log.go:108","localAddr":"127.0.0.1","error":"failed to get public address: write udp4 127.0.0.1:8443->52.72.139.62:3478: sendto: invalid argument"}
{"timestamp":"2026-01-22 09:25:17.862 +02:00","level":"info","msg":"got public IP address for local interface","caller":"app/plugin_api.go:1123","plugin_id":"com.mattermost.calls","origin":"main.(*logger).Info log.go:104","localAddr":"172.18.0.3","remoteAddr":"80.235.51.237"}
{"timestamp":"2026-01-22 09:25:17.863 +02:00","level":"info","msg":"rtc: server is listening on udp 127.0.0.1:8443","caller":"app/plugin_api.go:1123","plugin_id":"com.mattermost.calls","origin":"main.(*logger).Info log.go:104"}
{"timestamp":"2026-01-22 09:25:17.868 +02:00","level":"info","msg":"rtc: server is listening on udp 172.18.0.3:8443","caller":"app/plugin_api.go:1123","plugin_id":"com.mattermost.calls","origin":"main.(*logger).Info log.go:104"}
{"timestamp":"2026-01-22 09:25:17.872 +02:00","level":"info","msg":"Listening TCP on 0.0.0.0:8443","caller":"app/plugin_api.go:1123","plugin_id":"com.mattermost.calls","origin":"main.(*logger).Info log.go:104","origin":"ice/v4.(*TCPMuxDefault).start github.com/pion/ice/v4@v4.0.10/tcp_mux.go:99"}
{"timestamp":"2026-01-22 09:25:17.890 +02:00","level":"info","msg":"Should not persist transitionally prepackged plugin: not a newer version","caller":"app/plugin.go:1169","plugin_id":"playbooks","prepackaged_version":"1.41.1","existing_version":"1.41.1"}
{"timestamp":"2026-01-22 09:25:17.917 +02:00","level":"error","msg":"Mail server connection test failed","caller":"app/server.go:870","error":"unable to connect: unable to connect to the SMTP server: dial tcp [::1]:10025: connect: connection refused"}
{"timestamp":"2026-01-22 09:25:17.929 +02:00","level":"info","msg":"Starting Server...","caller":"app/server.go:890"}
{"timestamp":"2026-01-22 09:25:17.934 +02:00","level":"info","msg":"Server is listening on [::]:8065","caller":"app/server.go:966","address":"[::]:8065"}
{"timestamp":"2026-01-22 09:25:28.464 +02:00","level":"info","msg":"Stopping Server...","caller":"app/server.go:672"}
{"timestamp":"2026-01-22 09:25:28.465 +02:00","level":"info","msg":"Shutting down Email batching service...","caller":"email/service.go:85"}
{"timestamp":"2026-01-22 09:25:28.466 +02:00","level":"info","msg":"Stopped workers","caller":"jobs/workers.go:90"}
{"timestamp":"2026-01-22 09:25:28.466 +02:00","level":"info","msg":"Stopping schedulers.","caller":"jobs/schedulers.go:126"}
{"timestamp":"2026-01-22 09:25:28.466 +02:00","level":"info","msg":"Schedulers stopped.","caller":"jobs/schedulers.go:57"}
{"timestamp":"2026-01-22 09:25:28.466 +02:00","level":"info","msg":"Shutting down plugins","caller":"app/plugin.go:365"}
{"timestamp":"2026-01-22 09:25:28.472 +02:00","level":"info","msg":"Error accepting connection: accept tcp4 0.0.0.0:8443: use of closed network connection","caller":"app/plugin_api.go:1123","plugin_id":"com.mattermost.calls","origin":"main.(*logger).Info log.go:104","origin":"ice/v4.(*TCPMuxDefault).start github.com/pion/ice/v4@v4.0.10/tcp_mux.go:103"}
{"timestamp":"2026-01-22 09:25:28.474 +02:00","level":"info","msg":"rtc: server was shutdown","caller":"app/plugin_api.go:1123","plugin_id":"com.mattermost.calls","origin":"main.(*logger).Info log.go:104"}
{"timestamp":"2026-01-22 09:25:28.492 +02:00","level":"info","msg":"Shutting down store..","caller":"app/plugin_api.go:1123","plugin_id":"playbooks","plugin_caller":"github.com/mattermost/mattermost-plugin-playbooks/server/plugin.go:512"}
{"timestamp":"2026-01-22 09:25:28.493 +02:00","level":"info","msg":"plugin process exited","caller":"plugin/hclog_adapter.go:61","plugin_id":"mattermost-ai","wrapped_extras":"pluginplugins/mattermost-ai/server/dist/plugin-linux-amd64id45"}
{"timestamp":"2026-01-22 09:25:28.513 +02:00","level":"info","msg":"plugin process exited","caller":"plugin/hclog_adapter.go:61","plugin_id":"playbooks","wrapped_extras":"pluginplugins/playbooks/server/dist/plugin-linux-amd64id22"}
{"timestamp":"2026-01-22 09:25:28.546 +02:00","level":"error","msg":"failed to get all active calls: failed to get calls: sql: database is closed","caller":"app/plugin_api.go:1127","plugin_id":"com.mattermost.calls","origin":"main.(*Plugin).OnDeactivate activate.go:245"}
{"timestamp":"2026-01-22 09:25:28.572 +02:00","level":"info","msg":"plugin process exited","caller":"plugin/hclog_adapter.go:61","plugin_id":"com.mattermost.calls","wrapped_extras":"pluginplugins/com.mattermost.calls/server/dist/plugin-linux-amd64id55"}
{"timestamp":"2026-01-22 09:25:28.572 +02:00","level":"info","msg":"stopping websocket hub connections","caller":"platform/web_hub.go:143"}
{"timestamp":"2026-01-22 09:25:28.575 +02:00","level":"info","msg":"Server stopped","caller":"app/server.go:752"}
{"timestamp":"2026-01-22 09:25:37.842 +02:00","level":"info","msg":"Successfully connected to cache backend","caller":"platform/service.go:205","backend":"lru","result":"OK"}
{"timestamp":"2026-01-22 09:25:37.842 +02:00","level":"info","msg":"Server is initializing...","caller":"platform/service.go:208","go_version":"go1.24.6"}
{"timestamp":"2026-01-22 09:25:37.843 +02:00","level":"error","msg":"Failed to ping DB","caller":"sql/sql_utils.go:77","database":"master","dataSource":"postgres://****:****@postgres:5432/mattermost?connect_timeout=10&sslmode=disable","retrying in seconds":2,"error":"dial tcp 172.18.0.2:5432: connect: connection refused"}
{"timestamp":"2026-01-22 09:25:39.844 +02:00","level":"info","msg":"Pinging SQL","caller":"sql/sql_utils.go:68","database":"master","dataSource":"postgres://****:****@postgres:5432/mattermost?connect_timeout=10&sslmode=disable","attempt":2}
{"timestamp":"2026-01-22 09:25:42.019 +02:00","level":"info","msg":"Starting websocket hubs","caller":"platform/web_hub.go:122","number_of_hubs":16}
{"timestamp":"2026-01-22 09:25:42.022 +02:00","level":"info","msg":"Loaded system translations","caller":"i18n/i18n.go:240","for locale":"en","from locale":"/mattermost/i18n/en.json"}
{"timestamp":"2026-01-22 09:25:42.026 +02:00","level":"info","msg":"Ensuring the telemetry ID..","caller":"telemetry/telemetry.go:187"}
{"timestamp":"2026-01-22 09:25:42.031 +02:00","level":"info","msg":"telemetry ID is set","caller":"telemetry/telemetry.go:197","id":"ih1ykzaratbcircnwykq79rkhe"}
{"timestamp":"2026-01-22 09:25:42.041 +02:00","level":"info","msg":"Current version is 10.12.4 (19423977602/Fri Nov 21 15:39:24 UTC 2025/463e0d0d3930782d3c975da26c991dcbfccd751c/none)","caller":"app/server.go:410","current_version":"10.12.4","build_number":"19423977602","build_date":"Fri Nov 21 15:39:24 UTC 2025","build_hash":"463e0d0d3930782d3c975da26c991dcbfccd751c","build_hash_enterprise":"none","service_environment":"production"}
{"timestamp":"2026-01-22 09:25:42.041 +02:00","level":"info","msg":"Team Edition Build","caller":"app/server.go:426","enterprise_build":false}
{"timestamp":"2026-01-22 09:25:42.041 +02:00","level":"info","msg":"Printing current working","caller":"app/server.go:430","directory":"/mattermost"}
{"timestamp":"2026-01-22 09:25:42.041 +02:00","level":"info","msg":"Loaded config","caller":"app/server.go:431","source":"file:///mattermost/config/config.json"}
{"timestamp":"2026-01-22 09:25:42.047 +02:00","level":"info","msg":"License key has not been uploaded. Loading license key from disk.","caller":"utils/license.go:107","filename":"/mattermost/config/mattermost.mattermost-license"}
{"timestamp":"2026-01-22 09:25:42.047 +02:00","level":"warn","msg":"Failed to get license from disk","caller":"platform/license.go:93","error":"We could not find the license key on disk at /mattermost/config/mattermost.mattermost-license: stat /mattermost/config/mattermost.mattermost-license: no such file or directory"}
{"timestamp":"2026-01-22 09:25:42.048 +02:00","level":"warn","msg":"License key from https://mattermost.com required to unlock enterprise features.","caller":"platform/license.go:105","error":"resource \"License\" not found, id: "}
{"timestamp":"2026-01-22 09:25:42.049 +02:00","level":"info","msg":"Starting workers","caller":"jobs/workers.go:48"}
{"timestamp":"2026-01-22 09:25:42.049 +02:00","level":"info","msg":"Starting schedulers.","caller":"jobs/schedulers.go:54"}
{"timestamp":"2026-01-22 09:25:42.065 +02:00","level":"info","msg":"Migrating roles to database.","caller":"app/migrations.go:44"}
{"timestamp":"2026-01-22 09:25:42.067 +02:00","level":"warn","msg":"Fetching time of first server run failed. Setting to 'now'.","caller":"app/server.go:523"}
{"timestamp":"2026-01-22 09:25:42.174 +02:00","level":"info","msg":"Migrating emojis config to database.","caller":"app/migrations.go:127"}
{"timestamp":"2026-01-22 09:25:44.255 +02:00","level":"info","msg":"Starting up plugins","caller":"app/plugin.go:190"}
{"timestamp":"2026-01-22 09:25:44.255 +02:00","level":"info","msg":"Syncing plugins from the file store","caller":"app/plugin.go:267"}
{"timestamp":"2026-01-22 09:25:44.277 +02:00","level":"info","msg":"Removing local installation of managed plugin before sync","caller":"app/plugin.go:294","plugin_id":"com.mattermost.calls"}
{"timestamp":"2026-01-22 09:25:44.277 +02:00","level":"info","msg":"Removing local installation of managed plugin before sync","caller":"app/plugin.go:294","plugin_id":"playbooks"}
{"timestamp":"2026-01-22 09:25:44.277 +02:00","level":"info","msg":"Removing local installation of managed plugin before sync","caller":"app/plugin.go:294","plugin_id":"mattermost-ai"}
{"timestamp":"2026-01-22 09:25:44.471 +02:00","level":"info","msg":"Syncing plugin from file store","caller":"app/plugin.go:345","plugin_id":"playbooks","bundle_path":"plugins/playbooks.tar.gz","signature_path":"plugins/playbooks.tar.gz.sig"}
{"timestamp":"2026-01-22 09:25:46.480 +02:00","level":"info","msg":"Installing extracted plugin","caller":"app/plugin_install.go:449","plugin_id":"playbooks","version":"1.41.1"}
{"timestamp":"2026-01-22 09:25:49.576 +02:00","level":"info","msg":"Post.Message has size restrictions","caller":"sqlstore/post_store.go:2790","max_characters":16383,"max_bytes":65535}
{"timestamp":"2026-01-22 09:25:52.116 +02:00","level":"info","msg":"Processing prepackaged plugin","caller":"app/plugin.go:930"}
{"timestamp":"2026-01-22 09:25:52.123 +02:00","level":"info","msg":"Processing prepackaged plugin","caller":"app/plugin.go:1021","bundle_path":"/mattermost/prepackaged_plugins/mattermost-plugin-jira-v4.4.1-linux-amd64.tar.gz","signature_path":"/mattermost/prepackaged_plugins/mattermost-plugin-jira-v4.4.1-linux-amd64.tar.gz.sig"}
{"timestamp":"2026-01-22 09:25:52.123 +02:00","level":"info","msg":"Processing prepackaged plugin","caller":"app/plugin.go:1021","bundle_path":"/mattermost/prepackaged_plugins/mattermost-plugin-calls-v1.11.0-linux-amd64.tar.gz","signature_path":"/mattermost/prepackaged_plugins/mattermost-plugin-calls-v1.11.0-linux-amd64.tar.gz.sig"}
{"timestamp":"2026-01-22 09:25:52.123 +02:00","level":"info","msg":"Processing prepackaged plugin","caller":"app/plugin.go:1021","bundle_path":"/mattermost/prepackaged_plugins/mattermost-plugin-zoom-v1.8.0-linux-amd64.tar.gz","signature_path":"/mattermost/prepackaged_plugins/mattermost-plugin-zoom-v1.8.0-linux-amd64.tar.gz.sig"}
{"timestamp":"2026-01-22 09:25:52.123 +02:00","level":"info","msg":"Processing prepackaged plugin","caller":"app/plugin.go:1021","bundle_path":"/mattermost/prepackaged_plugins/mattermost-plugin-agents-v1.2.4-linux-amd64.tar.gz","signature_path":"/mattermost/prepackaged_plugins/mattermost-plugin-agents-v1.2.4-linux-amd64.tar.gz.sig"}
{"timestamp":"2026-01-22 09:25:52.123 +02:00","level":"info","msg":"Processing prepackaged plugin","caller":"app/plugin.go:1021","bundle_path":"/mattermost/prepackaged_plugins/mattermost-plugin-msteams-v2.2.2-linux-amd64.tar.gz","signature_path":"/mattermost/prepackaged_plugins/mattermost-plugin-msteams-v2.2.2-linux-amd64.tar.gz.sig"}
{"timestamp":"2026-01-22 09:25:52.123 +02:00","level":"info","msg":"Processing prepackaged plugin","caller":"app/plugin.go:1021","bundle_path":"/mattermost/prepackaged_plugins/mattermost-plugin-gitlab-v1.10.0-linux-amd64.tar.gz","signature_path":"/mattermost/prepackaged_plugins/mattermost-plugin-gitlab-v1.10.0-linux-amd64.tar.gz.sig"}
{"timestamp":"2026-01-22 09:25:52.133 +02:00","level":"info","msg":"Processing prepackaged plugin","caller":"app/plugin.go:1021","bundle_path":"/mattermost/prepackaged_plugins/mattermost-plugin-channel-export-v1.2.1-linux-amd64.tar.gz","signature_path":"/mattermost/prepackaged_plugins/mattermost-plugin-channel-export-v1.2.1-linux-amd64.tar.gz.sig"}
{"timestamp":"2026-01-22 09:25:52.133 +02:00","level":"info","msg":"Processing prepackaged plugin","caller":"app/plugin.go:1021","bundle_path":"/mattermost/prepackaged_plugins/mattermost-plugin-mscalendar-v1.3.4-linux-amd64.tar.gz","signature_path":"/mattermost/prepackaged_plugins/mattermost-plugin-mscalendar-v1.3.4-linux-amd64.tar.gz.sig"}
{"timestamp":"2026-01-22 09:25:52.133 +02:00","level":"info","msg":"Processing prepackaged plugin","caller":"app/plugin.go:1021","bundle_path":"/mattermost/prepackaged_plugins/mattermost-plugin-github-v2.4.0-linux-amd64.tar.gz","signature_path":"/mattermost/prepackaged_plugins/mattermost-plugin-github-v2.4.0-linux-amd64.tar.gz.sig"}
{"timestamp":"2026-01-22 09:25:52.139 +02:00","level":"info","msg":"Processing prepackaged plugin","caller":"app/plugin.go:1021","bundle_path":"/mattermost/prepackaged_plugins/mattermost-plugin-boards-v9.1.7-linux-amd64.tar.gz","signature_path":"/mattermost/prepackaged_plugins/mattermost-plugin-boards-v9.1.7-linux-amd64.tar.gz.sig"}
{"timestamp":"2026-01-22 09:25:52.139 +02:00","level":"info","msg":"Processing prepackaged plugin","caller":"app/plugin.go:1021","bundle_path":"/mattermost/prepackaged_plugins/mattermost-plugin-servicenow-v2.3.4-linux-amd64.tar.gz","signature_path":"/mattermost/prepackaged_plugins/mattermost-plugin-servicenow-v2.3.4-linux-amd64.tar.gz.sig"}
{"timestamp":"2026-01-22 09:25:52.139 +02:00","level":"info","msg":"Processing prepackaged plugin","caller":"app/plugin.go:1021","bundle_path":"/mattermost/prepackaged_plugins/mattermost-plugin-msteams-meetings-v2.3.0-linux-amd64.tar.gz","signature_path":"/mattermost/prepackaged_plugins/mattermost-plugin-msteams-meetings-v2.3.0-linux-amd64.tar.gz.sig"}
{"timestamp":"2026-01-22 09:25:52.140 +02:00","level":"info","msg":"Processing prepackaged plugin","caller":"app/plugin.go:1021","bundle_path":"/mattermost/prepackaged_plugins/mattermost-plugin-playbooks-v2.3.0-linux-amd64.tar.gz","signature_path":"/mattermost/prepackaged_plugins/mattermost-plugin-playbooks-v2.3.0-linux-amd64.tar.gz.sig"}
{"timestamp":"2026-01-22 09:25:52.149 +02:00","level":"info","msg":"Processing prepackaged plugin","caller":"app/plugin.go:1021","bundle_path":"/mattermost/prepackaged_plugins/mattermost-plugin-user-survey-v1.1.1-linux-amd64.tar.gz","signature_path":"/mattermost/prepackaged_plugins/mattermost-plugin-user-survey-v1.1.1-linux-amd64.tar.gz.sig"}
{"timestamp":"2026-01-22 09:25:52.153 +02:00","level":"info","msg":"Processing prepackaged plugin","caller":"app/plugin.go:1021","bundle_path":"/mattermost/prepackaged_plugins/mattermost-plugin-metrics-v0.7.0-linux-amd64.tar.gz","signature_path":"/mattermost/prepackaged_plugins/mattermost-plugin-metrics-v0.7.0-linux-amd64.tar.gz.sig"}
{"timestamp":"2026-01-22 09:25:52.154 +02:00","level":"info","msg":"Processing prepackaged plugin","caller":"app/plugin.go:1021","bundle_path":"/mattermost/prepackaged_plugins/mattermost-plugin-playbooks-v1.41.1-linux-amd64.tar.gz","signature_path":"/mattermost/prepackaged_plugins/mattermost-plugin-playbooks-v1.41.1-linux-amd64.tar.gz.sig"}
{"timestamp":"2026-01-22 09:25:53.110 +02:00","level":"info","msg":"Not installing prepackaged plugin: not previously enabled","caller":"app/plugin.go:1072","bundle_path":"/mattermost/prepackaged_plugins/mattermost-plugin-gitlab-v1.10.0-linux-amd64.tar.gz","signature_path":"/mattermost/prepackaged_plugins/mattermost-plugin-gitlab-v1.10.0-linux-amd64.tar.gz.sig","plugin_id":"com.github.manland.mattermost-plugin-gitlab"}
{"timestamp":"2026-01-22 09:25:53.147 +02:00","level":"info","msg":"Not installing prepackaged plugin: not previously enabled","caller":"app/plugin.go:1072","bundle_path":"/mattermost/prepackaged_plugins/mattermost-plugin-channel-export-v1.2.1-linux-amd64.tar.gz","signature_path":"/mattermost/prepackaged_plugins/mattermost-plugin-channel-export-v1.2.1-linux-amd64.tar.gz.sig","plugin_id":"com.mattermost.plugin-channel-export"}
{"timestamp":"2026-01-22 09:25:53.155 +02:00","level":"info","msg":"Not installing prepackaged plugin: not previously enabled","caller":"app/plugin.go:1072","bundle_path":"/mattermost/prepackaged_plugins/mattermost-plugin-jira-v4.4.1-linux-amd64.tar.gz","signature_path":"/mattermost/prepackaged_plugins/mattermost-plugin-jira-v4.4.1-linux-amd64.tar.gz.sig","plugin_id":"jira"}
{"timestamp":"2026-01-22 09:25:53.166 +02:00","level":"info","msg":"Not installing prepackaged plugin: not previously enabled","caller":"app/plugin.go:1072","bundle_path":"/mattermost/prepackaged_plugins/mattermost-plugin-servicenow-v2.3.4-linux-amd64.tar.gz","signature_path":"/mattermost/prepackaged_plugins/mattermost-plugin-servicenow-v2.3.4-linux-amd64.tar.gz.sig","plugin_id":"mattermost-plugin-servicenow"}
{"timestamp":"2026-01-22 09:25:53.198 +02:00","level":"info","msg":"Not installing prepackaged plugin: not previously enabled","caller":"app/plugin.go:1072","bundle_path":"/mattermost/prepackaged_plugins/mattermost-plugin-mscalendar-v1.3.4-linux-amd64.tar.gz","signature_path":"/mattermost/prepackaged_plugins/mattermost-plugin-mscalendar-v1.3.4-linux-amd64.tar.gz.sig","plugin_id":"com.mattermost.mscalendar"}
{"timestamp":"2026-01-22 09:25:53.261 +02:00","level":"info","msg":"Not installing prepackaged plugin: not previously enabled","caller":"app/plugin.go:1072","bundle_path":"/mattermost/prepackaged_plugins/mattermost-plugin-zoom-v1.8.0-linux-amd64.tar.gz","signature_path":"/mattermost/prepackaged_plugins/mattermost-plugin-zoom-v1.8.0-linux-amd64.tar.gz.sig","plugin_id":"zoom"}
{"timestamp":"2026-01-22 09:25:53.348 +02:00","level":"info","msg":"Not installing prepackaged plugin: not previously enabled","caller":"app/plugin.go:1072","bundle_path":"/mattermost/prepackaged_plugins/mattermost-plugin-user-survey-v1.1.1-linux-amd64.tar.gz","signature_path":"/mattermost/prepackaged_plugins/mattermost-plugin-user-survey-v1.1.1-linux-amd64.tar.gz.sig","plugin_id":"com.mattermost.user-survey"}
{"timestamp":"2026-01-22 09:25:53.359 +02:00","level":"info","msg":"Not installing prepackaged plugin: not previously enabled","caller":"app/plugin.go:1072","bundle_path":"/mattermost/prepackaged_plugins/mattermost-plugin-github-v2.4.0-linux-amd64.tar.gz","signature_path":"/mattermost/prepackaged_plugins/mattermost-plugin-github-v2.4.0-linux-amd64.tar.gz.sig","plugin_id":"github"}
{"timestamp":"2026-01-22 09:25:53.380 +02:00","level":"info","msg":"Not installing prepackaged plugin: not previously enabled","caller":"app/plugin.go:1072","bundle_path":"/mattermost/prepackaged_plugins/mattermost-plugin-metrics-v0.7.0-linux-amd64.tar.gz","signature_path":"/mattermost/prepackaged_plugins/mattermost-plugin-metrics-v0.7.0-linux-amd64.tar.gz.sig","plugin_id":"com.mattermost.mattermost-plugin-metrics"}
{"timestamp":"2026-01-22 09:25:53.445 +02:00","level":"info","msg":"Not installing prepackaged plugin: not previously enabled","caller":"app/plugin.go:1072","bundle_path":"/mattermost/prepackaged_plugins/mattermost-plugin-msteams-meetings-v2.3.0-linux-amd64.tar.gz","signature_path":"/mattermost/prepackaged_plugins/mattermost-plugin-msteams-meetings-v2.3.0-linux-amd64.tar.gz.sig","plugin_id":"com.mattermost.msteamsmeetings"}
{"timestamp":"2026-01-22 09:25:53.504 +02:00","level":"warn","msg":"Error loading local plugin icon","caller":"app/plugin.go:1295","bundle_path":"/mattermost/prepackaged_plugins/mattermost-plugin-agents-v1.2.4-linux-amd64.tar.gz","signature_path":"/mattermost/prepackaged_plugins/mattermost-plugin-agents-v1.2.4-linux-amd64.tar.gz.sig","icon_path":"assets/bot_icon.png","error":"icon is not svg /tmp/plugintmp579056925/mattermost-ai/assets/bot_icon.png"}
{"timestamp":"2026-01-22 09:25:53.505 +02:00","level":"info","msg":"Installing extracted plugin","caller":"app/plugin_install.go:449","plugin_id":"mattermost-ai","version":"1.2.4"}
{"timestamp":"2026-01-22 09:25:53.542 +02:00","level":"info","msg":"Installing extracted plugin","caller":"app/plugin_install.go:449","plugin_id":"com.mattermost.calls","version":"1.11.0"}
{"timestamp":"2026-01-22 09:25:53.643 +02:00","level":"info","msg":"Installing extracted plugin","caller":"app/plugin_install.go:449","plugin_id":"playbooks","version":"1.41.1"}
{"timestamp":"2026-01-22 09:25:53.658 +02:00","level":"warn","msg":"Skipping local installation of plugin since not a newer version","caller":"app/plugin_install.go:491","plugin_id":"playbooks","version":"1.41.1","existing_version":"1.41.1"}
{"timestamp":"2026-01-22 09:25:53.683 +02:00","level":"info","msg":"Skip installing prepackaged playbooks >=v2 because the license does not allow it","caller":"app/plugin.go:1052","bundle_path":"/mattermost/prepackaged_plugins/mattermost-plugin-playbooks-v2.3.0-linux-amd64.tar.gz","signature_path":"/mattermost/prepackaged_plugins/mattermost-plugin-playbooks-v2.3.0-linux-amd64.tar.gz.sig","plugin_id":"playbooks"}
{"timestamp":"2026-01-22 09:25:53.932 +02:00","level":"info","msg":"Not installing prepackaged plugin: not previously enabled","caller":"app/plugin.go:1072","bundle_path":"/mattermost/prepackaged_plugins/mattermost-plugin-boards-v9.1.7-linux-amd64.tar.gz","signature_path":"/mattermost/prepackaged_plugins/mattermost-plugin-boards-v9.1.7-linux-amd64.tar.gz.sig","plugin_id":"focalboard"}
{"timestamp":"2026-01-22 09:25:54.452 +02:00","level":"info","msg":"Not installing prepackaged plugin: not previously enabled","caller":"app/plugin.go:1072","bundle_path":"/mattermost/prepackaged_plugins/mattermost-plugin-msteams-v2.2.2-linux-amd64.tar.gz","signature_path":"/mattermost/prepackaged_plugins/mattermost-plugin-msteams-v2.2.2-linux-amd64.tar.gz.sig","plugin_id":"com.mattermost.msteams-sync"}
{"timestamp":"2026-01-22 09:25:55.789 +02:00","level":"error","msg":"failed to initialize search infrastructure","caller":"app/plugin_api.go:1127","plugin_id":"mattermost-ai","error":"search is disabled"}
{"timestamp":"2026-01-22 09:25:55.794 +02:00","level":"error","msg":"ffmpeg not installed, transcriptions will be disabled.","caller":"app/plugin_api.go:1127","plugin_id":"mattermost-ai"}
{"timestamp":"2026-01-22 09:25:57.684 +02:00","level":"warn","msg":"failed to get public IP address for local interface","caller":"app/plugin_api.go:1131","plugin_id":"com.mattermost.calls","origin":"main.(*logger).Warn log.go:108","localAddr":"127.0.0.1","error":"failed to get public address: write udp4 127.0.0.1:8443->52.72.139.62:3478: sendto: invalid argument"}
{"timestamp":"2026-01-22 09:25:57.812 +02:00","level":"info","msg":"got public IP address for local interface","caller":"app/plugin_api.go:1123","plugin_id":"com.mattermost.calls","origin":"main.(*logger).Info log.go:104","localAddr":"172.18.0.3","remoteAddr":"80.235.51.237"}
{"timestamp":"2026-01-22 09:25:57.813 +02:00","level":"info","msg":"rtc: server is listening on udp 127.0.0.1:8443","caller":"app/plugin_api.go:1123","plugin_id":"com.mattermost.calls","origin":"main.(*logger).Info log.go:104"}
{"timestamp":"2026-01-22 09:25:57.817 +02:00","level":"info","msg":"rtc: server is listening on udp 172.18.0.3:8443","caller":"app/plugin_api.go:1123","plugin_id":"com.mattermost.calls","origin":"main.(*logger).Info log.go:104"}
{"timestamp":"2026-01-22 09:25:57.821 +02:00","level":"info","msg":"Listening TCP on 0.0.0.0:8443","caller":"app/plugin_api.go:1123","plugin_id":"com.mattermost.calls","origin":"main.(*logger).Info log.go:104","origin":"ice/v4.(*TCPMuxDefault).start github.com/pion/ice/v4@v4.0.10/tcp_mux.go:99"}
{"timestamp":"2026-01-22 09:25:57.843 +02:00","level":"info","msg":"Should not persist transitionally prepackged plugin: not a newer version","caller":"app/plugin.go:1169","plugin_id":"playbooks","prepackaged_version":"1.41.1","existing_version":"1.41.1"}
{"timestamp":"2026-01-22 09:25:57.884 +02:00","level":"error","msg":"Mail server connection test failed","caller":"app/server.go:870","error":"unable to connect: unable to connect to the SMTP server: dial tcp [::1]:10025: connect: connection refused"}
{"timestamp":"2026-01-22 09:25:57.898 +02:00","level":"info","msg":"Starting Server...","caller":"app/server.go:890"}
{"timestamp":"2026-01-22 09:25:57.904 +02:00","level":"info","msg":"Server is listening on [::]:8065","caller":"app/server.go:966","address":"[::]:8065"}
{"timestamp":"2026-01-22 09:26:12.435 +02:00","level":"info","msg":"Worker: Job is complete","caller":"jobs/batch_migration_worker.go:71"}
{"timestamp":"2026-01-22 09:26:12.435 +02:00","level":"info","msg":"Worker: Job is complete","caller":"jobs/batch_migration_worker.go:71"}
{"timestamp":"2026-01-22 09:26:12.435 +02:00","level":"info","msg":"Worker: Job is complete","caller":"jobs/batch_migration_worker.go:71"}
{"timestamp":"2026-01-22 09:26:56.648 +02:00","level":"info","msg":"Worker: Job is complete","caller":"migrations/worker.go:131","worker_name":"Migrations","job_id":"pgw6kd5nd3ytpcu8mtzst6sqkw","job_type":"migrations","job_create_at":"Jan 22 07:26:55.758"}
{"timestamp":"2026-01-22 09:28:35.945 +02:00","level":"info","msg":"Stopping Server...","caller":"app/server.go:672"}
{"timestamp":"2026-01-22 09:28:35.960 +02:00","level":"info","msg":"Shutting down Email batching service...","caller":"email/service.go:85"}
{"timestamp":"2026-01-22 09:28:35.961 +02:00","level":"info","msg":"Stopped workers","caller":"jobs/workers.go:90"}
{"timestamp":"2026-01-22 09:28:35.961 +02:00","level":"info","msg":"Stopping schedulers.","caller":"jobs/schedulers.go:126"}
{"timestamp":"2026-01-22 09:28:35.961 +02:00","level":"info","msg":"Schedulers stopped.","caller":"jobs/schedulers.go:57"}
{"timestamp":"2026-01-22 09:28:35.961 +02:00","level":"info","msg":"Shutting down plugins","caller":"app/plugin.go:365"}
{"timestamp":"2026-01-22 09:28:35.964 +02:00","level":"info","msg":"Error accepting connection: accept tcp4 0.0.0.0:8443: use of closed network connection","caller":"app/plugin_api.go:1123","plugin_id":"com.mattermost.calls","origin":"main.(*logger).Info log.go:104","origin":"ice/v4.(*TCPMuxDefault).start github.com/pion/ice/v4@v4.0.10/tcp_mux.go:103"}
{"timestamp":"2026-01-22 09:28:35.965 +02:00","level":"info","msg":"rtc: server was shutdown","caller":"app/plugin_api.go:1123","plugin_id":"com.mattermost.calls","origin":"main.(*logger).Info log.go:104"}
{"timestamp":"2026-01-22 09:28:35.972 +02:00","level":"info","msg":"Shutting down store..","caller":"app/plugin_api.go:1123","plugin_id":"playbooks","plugin_caller":"github.com/mattermost/mattermost-plugin-playbooks/server/plugin.go:512"}
{"timestamp":"2026-01-22 09:28:35.987 +02:00","level":"info","msg":"plugin process exited","caller":"plugin/hclog_adapter.go:61","plugin_id":"mattermost-ai","wrapped_extras":"pluginplugins/mattermost-ai/server/dist/plugin-linux-amd64id46"}
{"timestamp":"2026-01-22 09:28:36.000 +02:00","level":"info","msg":"plugin process exited","caller":"plugin/hclog_adapter.go:61","plugin_id":"playbooks","wrapped_extras":"pluginplugins/playbooks/server/dist/plugin-linux-amd64id25"}
{"timestamp":"2026-01-22 09:28:36.024 +02:00","level":"error","msg":"failed to get all active calls: failed to get calls: sql: database is closed","caller":"app/plugin_api.go:1127","plugin_id":"com.mattermost.calls","origin":"main.(*Plugin).OnDeactivate activate.go:245"}
{"timestamp":"2026-01-22 09:28:36.038 +02:00","level":"info","msg":"2026/01/22 09:28:36 [DEBUG] plugin: plugin server: accept unix /tmp/plugin2861462707: use of closed network connection\n","caller":"io/io.go:431","plugin_id":"com.mattermost.calls","source":"plugin_stderr"}
{"timestamp":"2026-01-22 09:28:36.050 +02:00","level":"info","msg":"plugin process exited","caller":"plugin/hclog_adapter.go:61","plugin_id":"com.mattermost.calls","wrapped_extras":"pluginplugins/com.mattermost.calls/server/dist/plugin-linux-amd64id60"}
{"timestamp":"2026-01-22 09:28:36.050 +02:00","level":"info","msg":"stopping websocket hub connections","caller":"platform/web_hub.go:143"}
{"timestamp":"2026-01-22 09:28:36.051 +02:00","level":"info","msg":"Server stopped","caller":"app/server.go:752"}
{"timestamp":"2026-01-22 09:28:52.425 +02:00","level":"info","msg":"Successfully connected to cache backend","caller":"platform/service.go:205","backend":"lru","result":"OK"}
{"timestamp":"2026-01-22 09:28:52.425 +02:00","level":"info","msg":"Server is initializing...","caller":"platform/service.go:208","go_version":"go1.24.6"}
{"timestamp":"2026-01-22 09:28:52.428 +02:00","level":"error","msg":"Failed to ping DB","caller":"sql/sql_utils.go:77","database":"master","dataSource":"postgres://****:****@postgres:5432/mattermost?connect_timeout=10&sslmode=disable","retrying in seconds":2,"error":"dial tcp 172.18.0.2:5432: connect: connection refused"}
{"timestamp":"2026-01-22 09:28:54.429 +02:00","level":"info","msg":"Pinging SQL","caller":"sql/sql_utils.go:68","database":"master","dataSource":"postgres://****:****@postgres:5432/mattermost?connect_timeout=10&sslmode=disable","attempt":2}
{"timestamp":"2026-01-22 09:28:56.673 +02:00","level":"info","msg":"Starting websocket hubs","caller":"platform/web_hub.go:122","number_of_hubs":16}
{"timestamp":"2026-01-22 09:28:56.683 +02:00","level":"info","msg":"Loaded system translations","caller":"i18n/i18n.go:240","for locale":"en","from locale":"/mattermost/i18n/en.json"}
{"timestamp":"2026-01-22 09:28:56.690 +02:00","level":"info","msg":"Ensuring the telemetry ID..","caller":"telemetry/telemetry.go:187"}
{"timestamp":"2026-01-22 09:28:56.695 +02:00","level":"info","msg":"telemetry ID is set","caller":"telemetry/telemetry.go:197","id":"ha65gs3eetbcdpkby99r7hu79h"}
{"timestamp":"2026-01-22 09:28:56.716 +02:00","level":"info","msg":"Current version is 10.12.4 (19423977602/Fri Nov 21 15:39:24 UTC 2025/463e0d0d3930782d3c975da26c991dcbfccd751c/none)","caller":"app/server.go:410","current_version":"10.12.4","build_number":"19423977602","build_date":"Fri Nov 21 15:39:24 UTC 2025","build_hash":"463e0d0d3930782d3c975da26c991dcbfccd751c","build_hash_enterprise":"none","service_environment":"production"}
{"timestamp":"2026-01-22 09:28:56.716 +02:00","level":"info","msg":"Team Edition Build","caller":"app/server.go:426","enterprise_build":false}
{"timestamp":"2026-01-22 09:28:56.716 +02:00","level":"info","msg":"Printing current working","caller":"app/server.go:430","directory":"/mattermost"}
{"timestamp":"2026-01-22 09:28:56.716 +02:00","level":"info","msg":"Loaded config","caller":"app/server.go:431","source":"file:///mattermost/config/config.json"}
{"timestamp":"2026-01-22 09:28:56.722 +02:00","level":"info","msg":"License key has not been uploaded. Loading license key from disk.","caller":"utils/license.go:107","filename":"/mattermost/config/mattermost.mattermost-license"}
{"timestamp":"2026-01-22 09:28:56.723 +02:00","level":"warn","msg":"Failed to get license from disk","caller":"platform/license.go:93","error":"We could not find the license key on disk at /mattermost/config/mattermost.mattermost-license: stat /mattermost/config/mattermost.mattermost-license: no such file or directory"}
{"timestamp":"2026-01-22 09:28:56.724 +02:00","level":"warn","msg":"License key from https://mattermost.com required to unlock enterprise features.","caller":"platform/license.go:105","error":"resource \"License\" not found, id: "}
{"timestamp":"2026-01-22 09:28:56.725 +02:00","level":"info","msg":"Starting workers","caller":"jobs/workers.go:48"}
{"timestamp":"2026-01-22 09:28:56.725 +02:00","level":"info","msg":"Starting schedulers.","caller":"jobs/schedulers.go:54"}
{"timestamp":"2026-01-22 09:28:56.726 +02:00","level":"info","msg":"Migrating roles to database.","caller":"app/migrations.go:44"}
{"timestamp":"2026-01-22 09:28:56.746 +02:00","level":"warn","msg":"Fetching time of first server run failed. Setting to 'now'.","caller":"app/server.go:523"}
{"timestamp":"2026-01-22 09:28:56.842 +02:00","level":"info","msg":"Migrating emojis config to database.","caller":"app/migrations.go:127"}
{"timestamp":"2026-01-22 09:28:59.012 +02:00","level":"info","msg":"Starting up plugins","caller":"app/plugin.go:190"}
{"timestamp":"2026-01-22 09:28:59.012 +02:00","level":"info","msg":"Syncing plugins from the file store","caller":"app/plugin.go:267"}
{"timestamp":"2026-01-22 09:28:59.033 +02:00","level":"info","msg":"Removing local installation of managed plugin before sync","caller":"app/plugin.go:294","plugin_id":"mattermost-ai"}
{"timestamp":"2026-01-22 09:28:59.033 +02:00","level":"info","msg":"Removing local installation of managed plugin before sync","caller":"app/plugin.go:294","plugin_id":"com.mattermost.calls"}
{"timestamp":"2026-01-22 09:28:59.033 +02:00","level":"info","msg":"Removing local installation of managed plugin before sync","caller":"app/plugin.go:294","plugin_id":"playbooks"}
{"timestamp":"2026-01-22 09:28:59.245 +02:00","level":"info","msg":"Syncing plugin from file store","caller":"app/plugin.go:345","plugin_id":"playbooks","bundle_path":"plugins/playbooks.tar.gz","signature_path":"plugins/playbooks.tar.gz.sig"}
{"timestamp":"2026-01-22 09:29:01.112 +02:00","level":"info","msg":"Installing extracted plugin","caller":"app/plugin_install.go:449","plugin_id":"playbooks","version":"1.41.1"}
{"timestamp":"2026-01-22 09:29:04.463 +02:00","level":"info","msg":"Post.Message has size restrictions","caller":"sqlstore/post_store.go:2790","max_characters":16383,"max_bytes":65535}
{"timestamp":"2026-01-22 09:29:06.691 +02:00","level":"info","msg":"Processing prepackaged plugin","caller":"app/plugin.go:930"}
{"timestamp":"2026-01-22 09:29:06.696 +02:00","level":"info","msg":"Processing prepackaged plugin","caller":"app/plugin.go:1021","bundle_path":"/mattermost/prepackaged_plugins/mattermost-plugin-jira-v4.4.1-linux-amd64.tar.gz","signature_path":"/mattermost/prepackaged_plugins/mattermost-plugin-jira-v4.4.1-linux-amd64.tar.gz.sig"}
{"timestamp":"2026-01-22 09:29:06.696 +02:00","level":"info","msg":"Processing prepackaged plugin","caller":"app/plugin.go:1021","bundle_path":"/mattermost/prepackaged_plugins/mattermost-plugin-servicenow-v2.3.4-linux-amd64.tar.gz","signature_path":"/mattermost/prepackaged_plugins/mattermost-plugin-servicenow-v2.3.4-linux-amd64.tar.gz.sig"}
{"timestamp":"2026-01-22 09:29:06.696 +02:00","level":"info","msg":"Processing prepackaged plugin","caller":"app/plugin.go:1021","bundle_path":"/mattermost/prepackaged_plugins/mattermost-plugin-playbooks-v1.41.1-linux-amd64.tar.gz","signature_path":"/mattermost/prepackaged_plugins/mattermost-plugin-playbooks-v1.41.1-linux-amd64.tar.gz.sig"}
{"timestamp":"2026-01-22 09:29:06.696 +02:00","level":"info","msg":"Processing prepackaged plugin","caller":"app/plugin.go:1021","bundle_path":"/mattermost/prepackaged_plugins/mattermost-plugin-boards-v9.1.7-linux-amd64.tar.gz","signature_path":"/mattermost/prepackaged_plugins/mattermost-plugin-boards-v9.1.7-linux-amd64.tar.gz.sig"}
{"timestamp":"2026-01-22 09:29:06.696 +02:00","level":"info","msg":"Processing prepackaged plugin","caller":"app/plugin.go:1021","bundle_path":"/mattermost/prepackaged_plugins/mattermost-plugin-user-survey-v1.1.1-linux-amd64.tar.gz","signature_path":"/mattermost/prepackaged_plugins/mattermost-plugin-user-survey-v1.1.1-linux-amd64.tar.gz.sig"}
{"timestamp":"2026-01-22 09:29:06.697 +02:00","level":"info","msg":"Processing prepackaged plugin","caller":"app/plugin.go:1021","bundle_path":"/mattermost/prepackaged_plugins/mattermost-plugin-zoom-v1.8.0-linux-amd64.tar.gz","signature_path":"/mattermost/prepackaged_plugins/mattermost-plugin-zoom-v1.8.0-linux-amd64.tar.gz.sig"}
{"timestamp":"2026-01-22 09:29:06.703 +02:00","level":"info","msg":"Processing prepackaged plugin","caller":"app/plugin.go:1021","bundle_path":"/mattermost/prepackaged_plugins/mattermost-plugin-calls-v1.11.0-linux-amd64.tar.gz","signature_path":"/mattermost/prepackaged_plugins/mattermost-plugin-calls-v1.11.0-linux-amd64.tar.gz.sig"}
{"timestamp":"2026-01-22 09:29:06.705 +02:00","level":"info","msg":"Processing prepackaged plugin","caller":"app/plugin.go:1021","bundle_path":"/mattermost/prepackaged_plugins/mattermost-plugin-agents-v1.2.4-linux-amd64.tar.gz","signature_path":"/mattermost/prepackaged_plugins/mattermost-plugin-agents-v1.2.4-linux-amd64.tar.gz.sig"}
{"timestamp":"2026-01-22 09:29:06.707 +02:00","level":"info","msg":"Processing prepackaged plugin","caller":"app/plugin.go:1021","bundle_path":"/mattermost/prepackaged_plugins/mattermost-plugin-playbooks-v2.3.0-linux-amd64.tar.gz","signature_path":"/mattermost/prepackaged_plugins/mattermost-plugin-playbooks-v2.3.0-linux-amd64.tar.gz.sig"}
{"timestamp":"2026-01-22 09:29:06.708 +02:00","level":"info","msg":"Processing prepackaged plugin","caller":"app/plugin.go:1021","bundle_path":"/mattermost/prepackaged_plugins/mattermost-plugin-github-v2.4.0-linux-amd64.tar.gz","signature_path":"/mattermost/prepackaged_plugins/mattermost-plugin-github-v2.4.0-linux-amd64.tar.gz.sig"}
{"timestamp":"2026-01-22 09:29:06.711 +02:00","level":"info","msg":"Processing prepackaged plugin","caller":"app/plugin.go:1021","bundle_path":"/mattermost/prepackaged_plugins/mattermost-plugin-mscalendar-v1.3.4-linux-amd64.tar.gz","signature_path":"/mattermost/prepackaged_plugins/mattermost-plugin-mscalendar-v1.3.4-linux-amd64.tar.gz.sig"}
{"timestamp":"2026-01-22 09:29:06.711 +02:00","level":"info","msg":"Processing prepackaged plugin","caller":"app/plugin.go:1021","bundle_path":"/mattermost/prepackaged_plugins/mattermost-plugin-msteams-v2.2.2-linux-amd64.tar.gz","signature_path":"/mattermost/prepackaged_plugins/mattermost-plugin-msteams-v2.2.2-linux-amd64.tar.gz.sig"}
{"timestamp":"2026-01-22 09:29:06.713 +02:00","level":"info","msg":"Processing prepackaged plugin","caller":"app/plugin.go:1021","bundle_path":"/mattermost/prepackaged_plugins/mattermost-plugin-channel-export-v1.2.1-linux-amd64.tar.gz","signature_path":"/mattermost/prepackaged_plugins/mattermost-plugin-channel-export-v1.2.1-linux-amd64.tar.gz.sig"}
{"timestamp":"2026-01-22 09:29:06.731 +02:00","level":"info","msg":"Processing prepackaged plugin","caller":"app/plugin.go:1021","bundle_path":"/mattermost/prepackaged_plugins/mattermost-plugin-gitlab-v1.10.0-linux-amd64.tar.gz","signature_path":"/mattermost/prepackaged_plugins/mattermost-plugin-gitlab-v1.10.0-linux-amd64.tar.gz.sig"}
{"timestamp":"2026-01-22 09:29:06.753 +02:00","level":"info","msg":"Processing prepackaged plugin","caller":"app/plugin.go:1021","bundle_path":"/mattermost/prepackaged_plugins/mattermost-plugin-msteams-meetings-v2.3.0-linux-amd64.tar.gz","signature_path":"/mattermost/prepackaged_plugins/mattermost-plugin-msteams-meetings-v2.3.0-linux-amd64.tar.gz.sig"}
{"timestamp":"2026-01-22 09:29:06.757 +02:00","level":"info","msg":"Processing prepackaged plugin","caller":"app/plugin.go:1021","bundle_path":"/mattermost/prepackaged_plugins/mattermost-plugin-metrics-v0.7.0-linux-amd64.tar.gz","signature_path":"/mattermost/prepackaged_plugins/mattermost-plugin-metrics-v0.7.0-linux-amd64.tar.gz.sig"}
{"timestamp":"2026-01-22 09:29:07.596 +02:00","level":"info","msg":"Not installing prepackaged plugin: not previously enabled","caller":"app/plugin.go:1072","bundle_path":"/mattermost/prepackaged_plugins/mattermost-plugin-jira-v4.4.1-linux-amd64.tar.gz","signature_path":"/mattermost/prepackaged_plugins/mattermost-plugin-jira-v4.4.1-linux-amd64.tar.gz.sig","plugin_id":"jira"}
{"timestamp":"2026-01-22 09:29:07.634 +02:00","level":"info","msg":"Not installing prepackaged plugin: not previously enabled","caller":"app/plugin.go:1072","bundle_path":"/mattermost/prepackaged_plugins/mattermost-plugin-servicenow-v2.3.4-linux-amd64.tar.gz","signature_path":"/mattermost/prepackaged_plugins/mattermost-plugin-servicenow-v2.3.4-linux-amd64.tar.gz.sig","plugin_id":"mattermost-plugin-servicenow"}
{"timestamp":"2026-01-22 09:29:07.708 +02:00","level":"info","msg":"Not installing prepackaged plugin: not previously enabled","caller":"app/plugin.go:1072","bundle_path":"/mattermost/prepackaged_plugins/mattermost-plugin-channel-export-v1.2.1-linux-amd64.tar.gz","signature_path":"/mattermost/prepackaged_plugins/mattermost-plugin-channel-export-v1.2.1-linux-amd64.tar.gz.sig","plugin_id":"com.mattermost.plugin-channel-export"}
{"timestamp":"2026-01-22 09:29:07.884 +02:00","level":"info","msg":"Not installing prepackaged plugin: not previously enabled","caller":"app/plugin.go:1072","bundle_path":"/mattermost/prepackaged_plugins/mattermost-plugin-github-v2.4.0-linux-amd64.tar.gz","signature_path":"/mattermost/prepackaged_plugins/mattermost-plugin-github-v2.4.0-linux-amd64.tar.gz.sig","plugin_id":"github"}
{"timestamp":"2026-01-22 09:29:07.894 +02:00","level":"info","msg":"Not installing prepackaged plugin: not previously enabled","caller":"app/plugin.go:1072","bundle_path":"/mattermost/prepackaged_plugins/mattermost-plugin-zoom-v1.8.0-linux-amd64.tar.gz","signature_path":"/mattermost/prepackaged_plugins/mattermost-plugin-zoom-v1.8.0-linux-amd64.tar.gz.sig","plugin_id":"zoom"}
{"timestamp":"2026-01-22 09:29:07.910 +02:00","level":"info","msg":"Not installing prepackaged plugin: not previously enabled","caller":"app/plugin.go:1072","bundle_path":"/mattermost/prepackaged_plugins/mattermost-plugin-user-survey-v1.1.1-linux-amd64.tar.gz","signature_path":"/mattermost/prepackaged_plugins/mattermost-plugin-user-survey-v1.1.1-linux-amd64.tar.gz.sig","plugin_id":"com.mattermost.user-survey"}
{"timestamp":"2026-01-22 09:29:07.980 +02:00","level":"info","msg":"Not installing prepackaged plugin: not previously enabled","caller":"app/plugin.go:1072","bundle_path":"/mattermost/prepackaged_plugins/mattermost-plugin-gitlab-v1.10.0-linux-amd64.tar.gz","signature_path":"/mattermost/prepackaged_plugins/mattermost-plugin-gitlab-v1.10.0-linux-amd64.tar.gz.sig","plugin_id":"com.github.manland.mattermost-plugin-gitlab"}
{"timestamp":"2026-01-22 09:29:08.026 +02:00","level":"info","msg":"Not installing prepackaged plugin: not previously enabled","caller":"app/plugin.go:1072","bundle_path":"/mattermost/prepackaged_plugins/mattermost-plugin-mscalendar-v1.3.4-linux-amd64.tar.gz","signature_path":"/mattermost/prepackaged_plugins/mattermost-plugin-mscalendar-v1.3.4-linux-amd64.tar.gz.sig","plugin_id":"com.mattermost.mscalendar"}
{"timestamp":"2026-01-22 09:29:08.068 +02:00","level":"warn","msg":"Error loading local plugin icon","caller":"app/plugin.go:1295","bundle_path":"/mattermost/prepackaged_plugins/mattermost-plugin-agents-v1.2.4-linux-amd64.tar.gz","signature_path":"/mattermost/prepackaged_plugins/mattermost-plugin-agents-v1.2.4-linux-amd64.tar.gz.sig","icon_path":"assets/bot_icon.png","error":"icon is not svg /tmp/plugintmp3693612864/mattermost-ai/assets/bot_icon.png"}
{"timestamp":"2026-01-22 09:29:08.068 +02:00","level":"info","msg":"Installing extracted plugin","caller":"app/plugin_install.go:449","plugin_id":"mattermost-ai","version":"1.2.4"}
{"timestamp":"2026-01-22 09:29:08.124 +02:00","level":"info","msg":"Not installing prepackaged plugin: not previously enabled","caller":"app/plugin.go:1072","bundle_path":"/mattermost/prepackaged_plugins/mattermost-plugin-metrics-v0.7.0-linux-amd64.tar.gz","signature_path":"/mattermost/prepackaged_plugins/mattermost-plugin-metrics-v0.7.0-linux-amd64.tar.gz.sig","plugin_id":"com.mattermost.mattermost-plugin-metrics"}
{"timestamp":"2026-01-22 09:29:08.261 +02:00","level":"info","msg":"Not installing prepackaged plugin: not previously enabled","caller":"app/plugin.go:1072","bundle_path":"/mattermost/prepackaged_plugins/mattermost-plugin-msteams-meetings-v2.3.0-linux-amd64.tar.gz","signature_path":"/mattermost/prepackaged_plugins/mattermost-plugin-msteams-meetings-v2.3.0-linux-amd64.tar.gz.sig","plugin_id":"com.mattermost.msteamsmeetings"}
{"timestamp":"2026-01-22 09:29:08.302 +02:00","level":"info","msg":"Installing extracted plugin","caller":"app/plugin_install.go:449","plugin_id":"playbooks","version":"1.41.1"}
{"timestamp":"2026-01-22 09:29:08.318 +02:00","level":"warn","msg":"Skipping local installation of plugin since not a newer version","caller":"app/plugin_install.go:491","plugin_id":"playbooks","version":"1.41.1","existing_version":"1.41.1"}
{"timestamp":"2026-01-22 09:29:08.344 +02:00","level":"info","msg":"Installing extracted plugin","caller":"app/plugin_install.go:449","plugin_id":"com.mattermost.calls","version":"1.11.0"}
{"timestamp":"2026-01-22 09:29:08.355 +02:00","level":"info","msg":"Skip installing prepackaged playbooks >=v2 because the license does not allow it","caller":"app/plugin.go:1052","bundle_path":"/mattermost/prepackaged_plugins/mattermost-plugin-playbooks-v2.3.0-linux-amd64.tar.gz","signature_path":"/mattermost/prepackaged_plugins/mattermost-plugin-playbooks-v2.3.0-linux-amd64.tar.gz.sig","plugin_id":"playbooks"}
{"timestamp":"2026-01-22 09:29:08.618 +02:00","level":"info","msg":"Not installing prepackaged plugin: not previously enabled","caller":"app/plugin.go:1072","bundle_path":"/mattermost/prepackaged_plugins/mattermost-plugin-boards-v9.1.7-linux-amd64.tar.gz","signature_path":"/mattermost/prepackaged_plugins/mattermost-plugin-boards-v9.1.7-linux-amd64.tar.gz.sig","plugin_id":"focalboard"}
{"timestamp":"2026-01-22 09:29:09.195 +02:00","level":"info","msg":"Not installing prepackaged plugin: not previously enabled","caller":"app/plugin.go:1072","bundle_path":"/mattermost/prepackaged_plugins/mattermost-plugin-msteams-v2.2.2-linux-amd64.tar.gz","signature_path":"/mattermost/prepackaged_plugins/mattermost-plugin-msteams-v2.2.2-linux-amd64.tar.gz.sig","plugin_id":"com.mattermost.msteams-sync"}
{"timestamp":"2026-01-22 09:29:10.481 +02:00","level":"error","msg":"failed to initialize search infrastructure","caller":"app/plugin_api.go:1127","plugin_id":"mattermost-ai","error":"search is disabled"}
{"timestamp":"2026-01-22 09:29:10.485 +02:00","level":"error","msg":"ffmpeg not installed, transcriptions will be disabled.","caller":"app/plugin_api.go:1127","plugin_id":"mattermost-ai"}
{"timestamp":"2026-01-22 09:29:12.785 +02:00","level":"warn","msg":"failed to get public IP address for local interface","caller":"app/plugin_api.go:1131","plugin_id":"com.mattermost.calls","origin":"main.(*logger).Warn log.go:108","localAddr":"127.0.0.1","error":"failed to get public address: write udp4 127.0.0.1:8443->52.72.139.62:3478: sendto: invalid argument"}
{"timestamp":"2026-01-22 09:29:12.911 +02:00","level":"info","msg":"got public IP address for local interface","caller":"app/plugin_api.go:1123","plugin_id":"com.mattermost.calls","origin":"main.(*logger).Info log.go:104","localAddr":"172.18.0.3","remoteAddr":"80.235.51.237"}
{"timestamp":"2026-01-22 09:29:12.912 +02:00","level":"info","msg":"rtc: server is listening on udp 127.0.0.1:8443","caller":"app/plugin_api.go:1123","plugin_id":"com.mattermost.calls","origin":"main.(*logger).Info log.go:104"}
{"timestamp":"2026-01-22 09:29:12.915 +02:00","level":"info","msg":"rtc: server is listening on udp 172.18.0.3:8443","caller":"app/plugin_api.go:1123","plugin_id":"com.mattermost.calls","origin":"main.(*logger).Info log.go:104"}
{"timestamp":"2026-01-22 09:29:12.919 +02:00","level":"info","msg":"Listening TCP on 0.0.0.0:8443","caller":"app/plugin_api.go:1123","plugin_id":"com.mattermost.calls","origin":"main.(*logger).Info log.go:104","origin":"ice/v4.(*TCPMuxDefault).start github.com/pion/ice/v4@v4.0.10/tcp_mux.go:99"}
{"timestamp":"2026-01-22 09:29:12.937 +02:00","level":"info","msg":"Should not persist transitionally prepackged plugin: not a newer version","caller":"app/plugin.go:1169","plugin_id":"playbooks","prepackaged_version":"1.41.1","existing_version":"1.41.1"}
{"timestamp":"2026-01-22 09:29:12.971 +02:00","level":"error","msg":"Mail server connection test failed","caller":"app/server.go:870","error":"unable to connect: unable to connect to the SMTP server: dial tcp [::1]:10025: connect: connection refused"}
{"timestamp":"2026-01-22 09:29:12.983 +02:00","level":"info","msg":"Starting Server...","caller":"app/server.go:890"}
{"timestamp":"2026-01-22 09:29:12.988 +02:00","level":"info","msg":"Server is listening on [::]:8065","caller":"app/server.go:966","address":"[::]:8065"}
{"timestamp":"2026-01-22 09:29:15.175 +02:00","level":"warn","msg":"Error while creating session for user access token","caller":"app/session.go:114","error":"createSessionForUserAccessToken: Invalid or missing token., resource \"UserAccessToken\" not found, id: token="}
{"timestamp":"2026-01-22 09:29:24.557 +02:00","level":"info","msg":"Worker: Job is complete","caller":"jobs/batch_migration_worker.go:71"}
{"timestamp":"2026-01-22 09:29:24.557 +02:00","level":"info","msg":"Worker: Job is complete","caller":"jobs/batch_migration_worker.go:71"}
{"timestamp":"2026-01-22 09:29:24.557 +02:00","level":"info","msg":"Worker: Job is complete","caller":"jobs/batch_migration_worker.go:71"}
{"timestamp":"2026-01-22 09:29:30.761 +02:00","level":"warn","msg":"Error while creating session for user access token","caller":"app/session.go:114","error":"createSessionForUserAccessToken: Invalid or missing token., resource \"UserAccessToken\" not found, id: token="}
{"timestamp":"2026-01-22 09:29:41.147 +02:00","level":"warn","msg":"Error while creating session for user access token","caller":"app/session.go:114","error":"createSessionForUserAccessToken: Invalid or missing token., resource \"UserAccessToken\" not found, id: token="}
{"timestamp":"2026-01-22 09:29:59.998 +02:00","level":"error","msg":"Failed to get system bot","caller":"app/post.go:2265","component":"post_reminders","error":"GetSystemBot: List of admins is empty."}
{"timestamp":"2026-01-22 09:30:06.103 +02:00","level":"warn","msg":"Failed to send welcome email on create user from signup","caller":"app/user.go:208","path":"/api/v4/users","request_id":"f7rwqiohcbg9fma4qpdx8yzbyw","ip_addr":"172.18.0.1","user_id":"","method":"POST","error":"unable to connect to the SMTP server: dial tcp [::1]:10025: connect: connection refused"}
{"timestamp":"2026-01-22 09:30:24.119 +02:00","level":"info","msg":"Worker: Job is complete","caller":"migrations/worker.go:131","worker_name":"Migrations","job_id":"taae8aaq73f65yi3nzu37s7cue","job_type":"migrations","job_create_at":"Jan 22 07:30:10.401"}
{"timestamp":"2026-01-22 09:45:33.499 +02:00","level":"info","msg":"Successfully connected to cache backend","caller":"platform/service.go:205","backend":"lru","result":"OK"}
{"timestamp":"2026-01-22 09:45:33.499 +02:00","level":"info","msg":"Server is initializing...","caller":"platform/service.go:208","go_version":"go1.24.6"}
{"timestamp":"2026-01-22 09:45:33.501 +02:00","level":"error","msg":"Failed to ping DB","caller":"sql/sql_utils.go:77","database":"master","dataSource":"postgres://****:****@postgres:5432/mattermost?connect_timeout=10&sslmode=disable","retrying in seconds":2,"error":"dial tcp 172.19.0.2:5432: connect: connection refused"}
{"timestamp":"2026-01-22 09:45:35.502 +02:00","level":"info","msg":"Pinging SQL","caller":"sql/sql_utils.go:68","database":"master","dataSource":"postgres://****:****@postgres:5432/mattermost?connect_timeout=10&sslmode=disable","attempt":2}
{"timestamp":"2026-01-22 09:45:37.551 +02:00","level":"info","msg":"Starting websocket hubs","caller":"platform/web_hub.go:122","number_of_hubs":16}
{"timestamp":"2026-01-22 09:45:37.554 +02:00","level":"info","msg":"Loaded system translations","caller":"i18n/i18n.go:240","for locale":"en","from locale":"/mattermost/i18n/en.json"}
{"timestamp":"2026-01-22 09:45:37.569 +02:00","level":"info","msg":"Ensuring the telemetry ID..","caller":"telemetry/telemetry.go:187"}
{"timestamp":"2026-01-22 09:45:37.573 +02:00","level":"info","msg":"telemetry ID is set","caller":"telemetry/telemetry.go:197","id":"zkn19mux9jn5xqm833bn4sgaxa"}
{"timestamp":"2026-01-22 09:45:37.583 +02:00","level":"info","msg":"Current version is 10.12.4 (19423977602/Fri Nov 21 15:39:24 UTC 2025/463e0d0d3930782d3c975da26c991dcbfccd751c/none)","caller":"app/server.go:410","current_version":"10.12.4","build_number":"19423977602","build_date":"Fri Nov 21 15:39:24 UTC 2025","build_hash":"463e0d0d3930782d3c975da26c991dcbfccd751c","build_hash_enterprise":"none","service_environment":"production"}
{"timestamp":"2026-01-22 09:45:37.583 +02:00","level":"info","msg":"Team Edition Build","caller":"app/server.go:426","enterprise_build":false}
{"timestamp":"2026-01-22 09:45:37.583 +02:00","level":"info","msg":"Printing current working","caller":"app/server.go:430","directory":"/mattermost"}
{"timestamp":"2026-01-22 09:45:37.583 +02:00","level":"info","msg":"Loaded config","caller":"app/server.go:431","source":"file:///mattermost/config/config.json"}
{"timestamp":"2026-01-22 09:45:37.588 +02:00","level":"info","msg":"License key has not been uploaded. Loading license key from disk.","caller":"utils/license.go:107","filename":"/mattermost/config/mattermost.mattermost-license"}
{"timestamp":"2026-01-22 09:45:37.588 +02:00","level":"warn","msg":"Failed to get license from disk","caller":"platform/license.go:93","error":"We could not find the license key on disk at /mattermost/config/mattermost.mattermost-license: stat /mattermost/config/mattermost.mattermost-license: no such file or directory"}
{"timestamp":"2026-01-22 09:45:37.589 +02:00","level":"warn","msg":"License key from https://mattermost.com required to unlock enterprise features.","caller":"platform/license.go:105","error":"resource \"License\" not found, id: "}
{"timestamp":"2026-01-22 09:45:37.590 +02:00","level":"info","msg":"Starting workers","caller":"jobs/workers.go:48"}
{"timestamp":"2026-01-22 09:45:37.591 +02:00","level":"info","msg":"Starting schedulers.","caller":"jobs/schedulers.go:54"}
{"timestamp":"2026-01-22 09:45:37.593 +02:00","level":"info","msg":"Migrating roles to database.","caller":"app/migrations.go:44"}
{"timestamp":"2026-01-22 09:45:37.606 +02:00","level":"warn","msg":"Fetching time of first server run failed. Setting to 'now'.","caller":"app/server.go:523"}
{"timestamp":"2026-01-22 09:45:37.698 +02:00","level":"info","msg":"Migrating emojis config to database.","caller":"app/migrations.go:127"}
{"timestamp":"2026-01-22 09:45:39.919 +02:00","level":"info","msg":"Starting up plugins","caller":"app/plugin.go:190"}
{"timestamp":"2026-01-22 09:45:39.919 +02:00","level":"info","msg":"Syncing plugins from the file store","caller":"app/plugin.go:267"}
{"timestamp":"2026-01-22 09:45:39.944 +02:00","level":"info","msg":"Removing local installation of managed plugin before sync","caller":"app/plugin.go:294","plugin_id":"playbooks"}
{"timestamp":"2026-01-22 09:45:39.945 +02:00","level":"info","msg":"Removing local installation of managed plugin before sync","caller":"app/plugin.go:294","plugin_id":"com.mattermost.calls"}
{"timestamp":"2026-01-22 09:45:39.945 +02:00","level":"info","msg":"Removing local installation of managed plugin before sync","caller":"app/plugin.go:294","plugin_id":"mattermost-ai"}
{"timestamp":"2026-01-22 09:45:40.191 +02:00","level":"info","msg":"Syncing plugin from file store","caller":"app/plugin.go:345","plugin_id":"playbooks","bundle_path":"plugins/playbooks.tar.gz","signature_path":"plugins/playbooks.tar.gz.sig"}
{"timestamp":"2026-01-22 09:45:42.213 +02:00","level":"info","msg":"Installing extracted plugin","caller":"app/plugin_install.go:449","plugin_id":"playbooks","version":"1.41.1"}
{"timestamp":"2026-01-22 09:45:45.436 +02:00","level":"info","msg":"Post.Message has size restrictions","caller":"sqlstore/post_store.go:2790","max_characters":16383,"max_bytes":65535}
{"timestamp":"2026-01-22 09:45:48.283 +02:00","level":"info","msg":"Processing prepackaged plugin","caller":"app/plugin.go:930"}
{"timestamp":"2026-01-22 09:45:48.290 +02:00","level":"info","msg":"Processing prepackaged plugin","caller":"app/plugin.go:1021","bundle_path":"/mattermost/prepackaged_plugins/mattermost-plugin-metrics-v0.7.0-linux-amd64.tar.gz","signature_path":"/mattermost/prepackaged_plugins/mattermost-plugin-metrics-v0.7.0-linux-amd64.tar.gz.sig"}
{"timestamp":"2026-01-22 09:45:48.290 +02:00","level":"info","msg":"Processing prepackaged plugin","caller":"app/plugin.go:1021","bundle_path":"/mattermost/prepackaged_plugins/mattermost-plugin-zoom-v1.8.0-linux-amd64.tar.gz","signature_path":"/mattermost/prepackaged_plugins/mattermost-plugin-zoom-v1.8.0-linux-amd64.tar.gz.sig"}
{"timestamp":"2026-01-22 09:45:48.290 +02:00","level":"info","msg":"Processing prepackaged plugin","caller":"app/plugin.go:1021","bundle_path":"/mattermost/prepackaged_plugins/mattermost-plugin-playbooks-v2.3.0-linux-amd64.tar.gz","signature_path":"/mattermost/prepackaged_plugins/mattermost-plugin-playbooks-v2.3.0-linux-amd64.tar.gz.sig"}
{"timestamp":"2026-01-22 09:45:48.290 +02:00","level":"info","msg":"Processing prepackaged plugin","caller":"app/plugin.go:1021","bundle_path":"/mattermost/prepackaged_plugins/mattermost-plugin-jira-v4.4.1-linux-amd64.tar.gz","signature_path":"/mattermost/prepackaged_plugins/mattermost-plugin-jira-v4.4.1-linux-amd64.tar.gz.sig"}
{"timestamp":"2026-01-22 09:45:48.290 +02:00","level":"info","msg":"Processing prepackaged plugin","caller":"app/plugin.go:1021","bundle_path":"/mattermost/prepackaged_plugins/mattermost-plugin-msteams-meetings-v2.3.0-linux-amd64.tar.gz","signature_path":"/mattermost/prepackaged_plugins/mattermost-plugin-msteams-meetings-v2.3.0-linux-amd64.tar.gz.sig"}
{"timestamp":"2026-01-22 09:45:48.290 +02:00","level":"info","msg":"Processing prepackaged plugin","caller":"app/plugin.go:1021","bundle_path":"/mattermost/prepackaged_plugins/mattermost-plugin-playbooks-v1.41.1-linux-amd64.tar.gz","signature_path":"/mattermost/prepackaged_plugins/mattermost-plugin-playbooks-v1.41.1-linux-amd64.tar.gz.sig"}
{"timestamp":"2026-01-22 09:45:48.290 +02:00","level":"info","msg":"Processing prepackaged plugin","caller":"app/plugin.go:1021","bundle_path":"/mattermost/prepackaged_plugins/mattermost-plugin-msteams-v2.2.2-linux-amd64.tar.gz","signature_path":"/mattermost/prepackaged_plugins/mattermost-plugin-msteams-v2.2.2-linux-amd64.tar.gz.sig"}
{"timestamp":"2026-01-22 09:45:48.290 +02:00","level":"info","msg":"Processing prepackaged plugin","caller":"app/plugin.go:1021","bundle_path":"/mattermost/prepackaged_plugins/mattermost-plugin-agents-v1.2.4-linux-amd64.tar.gz","signature_path":"/mattermost/prepackaged_plugins/mattermost-plugin-agents-v1.2.4-linux-amd64.tar.gz.sig"}
{"timestamp":"2026-01-22 09:45:48.290 +02:00","level":"info","msg":"Processing prepackaged plugin","caller":"app/plugin.go:1021","bundle_path":"/mattermost/prepackaged_plugins/mattermost-plugin-mscalendar-v1.3.4-linux-amd64.tar.gz","signature_path":"/mattermost/prepackaged_plugins/mattermost-plugin-mscalendar-v1.3.4-linux-amd64.tar.gz.sig"}
{"timestamp":"2026-01-22 09:45:48.290 +02:00","level":"info","msg":"Processing prepackaged plugin","caller":"app/plugin.go:1021","bundle_path":"/mattermost/prepackaged_plugins/mattermost-plugin-user-survey-v1.1.1-linux-amd64.tar.gz","signature_path":"/mattermost/prepackaged_plugins/mattermost-plugin-user-survey-v1.1.1-linux-amd64.tar.gz.sig"}
{"timestamp":"2026-01-22 09:45:48.290 +02:00","level":"info","msg":"Processing prepackaged plugin","caller":"app/plugin.go:1021","bundle_path":"/mattermost/prepackaged_plugins/mattermost-plugin-github-v2.4.0-linux-amd64.tar.gz","signature_path":"/mattermost/prepackaged_plugins/mattermost-plugin-github-v2.4.0-linux-amd64.tar.gz.sig"}
{"timestamp":"2026-01-22 09:45:48.290 +02:00","level":"info","msg":"Processing prepackaged plugin","caller":"app/plugin.go:1021","bundle_path":"/mattermost/prepackaged_plugins/mattermost-plugin-servicenow-v2.3.4-linux-amd64.tar.gz","signature_path":"/mattermost/prepackaged_plugins/mattermost-plugin-servicenow-v2.3.4-linux-amd64.tar.gz.sig"}
{"timestamp":"2026-01-22 09:45:48.291 +02:00","level":"info","msg":"Processing prepackaged plugin","caller":"app/plugin.go:1021","bundle_path":"/mattermost/prepackaged_plugins/mattermost-plugin-boards-v9.1.7-linux-amd64.tar.gz","signature_path":"/mattermost/prepackaged_plugins/mattermost-plugin-boards-v9.1.7-linux-amd64.tar.gz.sig"}
{"timestamp":"2026-01-22 09:45:48.291 +02:00","level":"info","msg":"Processing prepackaged plugin","caller":"app/plugin.go:1021","bundle_path":"/mattermost/prepackaged_plugins/mattermost-plugin-calls-v1.11.0-linux-amd64.tar.gz","signature_path":"/mattermost/prepackaged_plugins/mattermost-plugin-calls-v1.11.0-linux-amd64.tar.gz.sig"}
{"timestamp":"2026-01-22 09:45:48.291 +02:00","level":"info","msg":"Processing prepackaged plugin","caller":"app/plugin.go:1021","bundle_path":"/mattermost/prepackaged_plugins/mattermost-plugin-gitlab-v1.10.0-linux-amd64.tar.gz","signature_path":"/mattermost/prepackaged_plugins/mattermost-plugin-gitlab-v1.10.0-linux-amd64.tar.gz.sig"}
{"timestamp":"2026-01-22 09:45:48.292 +02:00","level":"info","msg":"Processing prepackaged plugin","caller":"app/plugin.go:1021","bundle_path":"/mattermost/prepackaged_plugins/mattermost-plugin-channel-export-v1.2.1-linux-amd64.tar.gz","signature_path":"/mattermost/prepackaged_plugins/mattermost-plugin-channel-export-v1.2.1-linux-amd64.tar.gz.sig"}
{"timestamp":"2026-01-22 09:45:49.690 +02:00","level":"info","msg":"Not installing prepackaged plugin: not previously enabled","caller":"app/plugin.go:1072","bundle_path":"/mattermost/prepackaged_plugins/mattermost-plugin-servicenow-v2.3.4-linux-amd64.tar.gz","signature_path":"/mattermost/prepackaged_plugins/mattermost-plugin-servicenow-v2.3.4-linux-amd64.tar.gz.sig","plugin_id":"mattermost-plugin-servicenow"}
{"timestamp":"2026-01-22 09:45:49.725 +02:00","level":"info","msg":"Not installing prepackaged plugin: not previously enabled","caller":"app/plugin.go:1072","bundle_path":"/mattermost/prepackaged_plugins/mattermost-plugin-jira-v4.4.1-linux-amd64.tar.gz","signature_path":"/mattermost/prepackaged_plugins/mattermost-plugin-jira-v4.4.1-linux-amd64.tar.gz.sig","plugin_id":"jira"}
{"timestamp":"2026-01-22 09:45:49.726 +02:00","level":"info","msg":"Not installing prepackaged plugin: not previously enabled","caller":"app/plugin.go:1072","bundle_path":"/mattermost/prepackaged_plugins/mattermost-plugin-zoom-v1.8.0-linux-amd64.tar.gz","signature_path":"/mattermost/prepackaged_plugins/mattermost-plugin-zoom-v1.8.0-linux-amd64.tar.gz.sig","plugin_id":"zoom"}
{"timestamp":"2026-01-22 09:45:49.736 +02:00","level":"info","msg":"Not installing prepackaged plugin: not previously enabled","caller":"app/plugin.go:1072","bundle_path":"/mattermost/prepackaged_plugins/mattermost-plugin-channel-export-v1.2.1-linux-amd64.tar.gz","signature_path":"/mattermost/prepackaged_plugins/mattermost-plugin-channel-export-v1.2.1-linux-amd64.tar.gz.sig","plugin_id":"com.mattermost.plugin-channel-export"}
{"timestamp":"2026-01-22 09:45:49.837 +02:00","level":"info","msg":"Not installing prepackaged plugin: not previously enabled","caller":"app/plugin.go:1072","bundle_path":"/mattermost/prepackaged_plugins/mattermost-plugin-user-survey-v1.1.1-linux-amd64.tar.gz","signature_path":"/mattermost/prepackaged_plugins/mattermost-plugin-user-survey-v1.1.1-linux-amd64.tar.gz.sig","plugin_id":"com.mattermost.user-survey"}
{"timestamp":"2026-01-22 09:45:49.910 +02:00","level":"info","msg":"Not installing prepackaged plugin: not previously enabled","caller":"app/plugin.go:1072","bundle_path":"/mattermost/prepackaged_plugins/mattermost-plugin-github-v2.4.0-linux-amd64.tar.gz","signature_path":"/mattermost/prepackaged_plugins/mattermost-plugin-github-v2.4.0-linux-amd64.tar.gz.sig","plugin_id":"github"}
{"timestamp":"2026-01-22 09:45:49.937 +02:00","level":"info","msg":"Not installing prepackaged plugin: not previously enabled","caller":"app/plugin.go:1072","bundle_path":"/mattermost/prepackaged_plugins/mattermost-plugin-gitlab-v1.10.0-linux-amd64.tar.gz","signature_path":"/mattermost/prepackaged_plugins/mattermost-plugin-gitlab-v1.10.0-linux-amd64.tar.gz.sig","plugin_id":"com.github.manland.mattermost-plugin-gitlab"}
{"timestamp":"2026-01-22 09:45:50.043 +02:00","level":"info","msg":"Not installing prepackaged plugin: not previously enabled","caller":"app/plugin.go:1072","bundle_path":"/mattermost/prepackaged_plugins/mattermost-plugin-mscalendar-v1.3.4-linux-amd64.tar.gz","signature_path":"/mattermost/prepackaged_plugins/mattermost-plugin-mscalendar-v1.3.4-linux-amd64.tar.gz.sig","plugin_id":"com.mattermost.mscalendar"}
{"timestamp":"2026-01-22 09:45:50.083 +02:00","level":"info","msg":"Not installing prepackaged plugin: not previously enabled","caller":"app/plugin.go:1072","bundle_path":"/mattermost/prepackaged_plugins/mattermost-plugin-metrics-v0.7.0-linux-amd64.tar.gz","signature_path":"/mattermost/prepackaged_plugins/mattermost-plugin-metrics-v0.7.0-linux-amd64.tar.gz.sig","plugin_id":"com.mattermost.mattermost-plugin-metrics"}
{"timestamp":"2026-01-22 09:45:50.182 +02:00","level":"warn","msg":"Error loading local plugin icon","caller":"app/plugin.go:1295","bundle_path":"/mattermost/prepackaged_plugins/mattermost-plugin-agents-v1.2.4-linux-amd64.tar.gz","signature_path":"/mattermost/prepackaged_plugins/mattermost-plugin-agents-v1.2.4-linux-amd64.tar.gz.sig","icon_path":"assets/bot_icon.png","error":"icon is not svg /tmp/plugintmp2575271017/mattermost-ai/assets/bot_icon.png"}
{"timestamp":"2026-01-22 09:45:50.183 +02:00","level":"info","msg":"Installing extracted plugin","caller":"app/plugin_install.go:449","plugin_id":"mattermost-ai","version":"1.2.4"}
{"timestamp":"2026-01-22 09:45:50.246 +02:00","level":"info","msg":"Not installing prepackaged plugin: not previously enabled","caller":"app/plugin.go:1072","bundle_path":"/mattermost/prepackaged_plugins/mattermost-plugin-msteams-meetings-v2.3.0-linux-amd64.tar.gz","signature_path":"/mattermost/prepackaged_plugins/mattermost-plugin-msteams-meetings-v2.3.0-linux-amd64.tar.gz.sig","plugin_id":"com.mattermost.msteamsmeetings"}
{"timestamp":"2026-01-22 09:45:50.456 +02:00","level":"info","msg":"Installing extracted plugin","caller":"app/plugin_install.go:449","plugin_id":"playbooks","version":"1.41.1"}
{"timestamp":"2026-01-22 09:45:50.464 +02:00","level":"info","msg":"Installing extracted plugin","caller":"app/plugin_install.go:449","plugin_id":"com.mattermost.calls","version":"1.11.0"}
{"timestamp":"2026-01-22 09:45:50.469 +02:00","level":"warn","msg":"Skipping local installation of plugin since not a newer version","caller":"app/plugin_install.go:491","plugin_id":"playbooks","version":"1.41.1","existing_version":"1.41.1"}
{"timestamp":"2026-01-22 09:45:50.535 +02:00","level":"info","msg":"Skip installing prepackaged playbooks >=v2 because the license does not allow it","caller":"app/plugin.go:1052","bundle_path":"/mattermost/prepackaged_plugins/mattermost-plugin-playbooks-v2.3.0-linux-amd64.tar.gz","signature_path":"/mattermost/prepackaged_plugins/mattermost-plugin-playbooks-v2.3.0-linux-amd64.tar.gz.sig","plugin_id":"playbooks"}
{"timestamp":"2026-01-22 09:45:50.834 +02:00","level":"info","msg":"Not installing prepackaged plugin: not previously enabled","caller":"app/plugin.go:1072","bundle_path":"/mattermost/prepackaged_plugins/mattermost-plugin-boards-v9.1.7-linux-amd64.tar.gz","signature_path":"/mattermost/prepackaged_plugins/mattermost-plugin-boards-v9.1.7-linux-amd64.tar.gz.sig","plugin_id":"focalboard"}
{"timestamp":"2026-01-22 09:45:51.440 +02:00","level":"info","msg":"Not installing prepackaged plugin: not previously enabled","caller":"app/plugin.go:1072","bundle_path":"/mattermost/prepackaged_plugins/mattermost-plugin-msteams-v2.2.2-linux-amd64.tar.gz","signature_path":"/mattermost/prepackaged_plugins/mattermost-plugin-msteams-v2.2.2-linux-amd64.tar.gz.sig","plugin_id":"com.mattermost.msteams-sync"}
{"timestamp":"2026-01-22 09:45:52.935 +02:00","level":"error","msg":"failed to initialize search infrastructure","caller":"app/plugin_api.go:1127","plugin_id":"mattermost-ai","error":"search is disabled"}
{"timestamp":"2026-01-22 09:45:52.939 +02:00","level":"error","msg":"ffmpeg not installed, transcriptions will be disabled.","caller":"app/plugin_api.go:1127","plugin_id":"mattermost-ai"}
{"timestamp":"2026-01-22 09:45:54.894 +02:00","level":"warn","msg":"failed to get public IP address for local interface","caller":"app/plugin_api.go:1131","plugin_id":"com.mattermost.calls","origin":"main.(*logger).Warn log.go:108","localAddr":"127.0.0.1","error":"failed to get public address: write udp4 127.0.0.1:8443->52.72.139.62:3478: sendto: invalid argument"}
{"timestamp":"2026-01-22 09:45:55.020 +02:00","level":"info","msg":"got public IP address for local interface","caller":"app/plugin_api.go:1123","plugin_id":"com.mattermost.calls","origin":"main.(*logger).Info log.go:104","localAddr":"172.19.0.3","remoteAddr":"80.235.51.237"}
{"timestamp":"2026-01-22 09:45:55.021 +02:00","level":"info","msg":"rtc: server is listening on udp 127.0.0.1:8443","caller":"app/plugin_api.go:1123","plugin_id":"com.mattermost.calls","origin":"main.(*logger).Info log.go:104"}
{"timestamp":"2026-01-22 09:45:55.025 +02:00","level":"info","msg":"rtc: server is listening on udp 172.19.0.3:8443","caller":"app/plugin_api.go:1123","plugin_id":"com.mattermost.calls","origin":"main.(*logger).Info log.go:104"}
{"timestamp":"2026-01-22 09:45:55.029 +02:00","level":"info","msg":"Listening TCP on 0.0.0.0:8443","caller":"app/plugin_api.go:1123","plugin_id":"com.mattermost.calls","origin":"main.(*logger).Info log.go:104","origin":"ice/v4.(*TCPMuxDefault).start github.com/pion/ice/v4@v4.0.10/tcp_mux.go:99"}
{"timestamp":"2026-01-22 09:45:55.052 +02:00","level":"info","msg":"Should not persist transitionally prepackged plugin: not a newer version","caller":"app/plugin.go:1169","plugin_id":"playbooks","prepackaged_version":"1.41.1","existing_version":"1.41.1"}
{"timestamp":"2026-01-22 09:45:55.091 +02:00","level":"error","msg":"Mail server connection test failed","caller":"app/server.go:870","error":"unable to connect: unable to connect to the SMTP server: dial tcp [::1]:10025: connect: connection refused"}
{"timestamp":"2026-01-22 09:45:55.106 +02:00","level":"info","msg":"Starting Server...","caller":"app/server.go:890"}
{"timestamp":"2026-01-22 09:45:55.121 +02:00","level":"info","msg":"Server is listening on [::]:8065","caller":"app/server.go:966","address":"[::]:8065"}
{"timestamp":"2026-01-22 09:46:00.883 +02:00","level":"info","msg":"Worker: Job is complete","caller":"jobs/batch_migration_worker.go:71"}
{"timestamp":"2026-01-22 09:46:00.885 +02:00","level":"info","msg":"Worker: Job is complete","caller":"jobs/batch_migration_worker.go:71"}
{"timestamp":"2026-01-22 09:46:00.885 +02:00","level":"info","msg":"Worker: Job is complete","caller":"jobs/batch_migration_worker.go:71"}
{"timestamp":"2026-01-22 09:46:26.624 +02:00","level":"warn","msg":"Error while creating session for user access token","caller":"app/session.go:114","error":"createSessionForUserAccessToken: Invalid or missing token., resource \"UserAccessToken\" not found, id: token=mz4fjsusfbn67go6fc4hn9qo4w"}
{"timestamp":"2026-01-22 09:46:26.624 +02:00","level":"info","msg":"Invalid session","caller":"web/handlers.go:261","error":"GetSession: Invalid session token=mz4fjsusfbn67go6fc4hn9qo4w, err="}
{"timestamp":"2026-01-22 09:46:27.609 +02:00","level":"warn","msg":"Error while creating session for user access token","caller":"app/session.go:114","error":"createSessionForUserAccessToken: Invalid or missing token., resource \"UserAccessToken\" not found, id: token="}
{"timestamp":"2026-01-22 09:47:00.099 +02:00","level":"info","msg":"Worker: Job is complete","caller":"migrations/worker.go:131","worker_name":"Migrations","job_id":"7h77uxtbrt8opekga7d7wx9kua","job_type":"migrations","job_create_at":"Jan 22 07:46:52.895"}
{"timestamp":"2026-01-22 09:49:59.965 +02:00","level":"error","msg":"Failed to get system bot","caller":"app/post.go:2265","component":"post_reminders","error":"GetSystemBot: List of admins is empty."}
{"timestamp":"2026-01-22 09:54:59.900 +02:00","level":"error","msg":"Failed to get system bot","caller":"app/post.go:2265","component":"post_reminders","error":"GetSystemBot: List of admins is empty."}
{"timestamp":"2026-01-22 09:56:52.730 +02:00","level":"warn","msg":"Error while creating session for user access token","caller":"app/session.go:114","error":"createSessionForUserAccessToken: Invalid or missing token., resource \"UserAccessToken\" not found, id: token="}
{"timestamp":"2026-01-22 09:57:02.674 +02:00","level":"warn","msg":"Failed to send welcome email on create user from signup","caller":"app/user.go:208","path":"/api/v4/users","request_id":"jscdokq167gx9ei5w8kzmom76y","ip_addr":"172.19.0.1","user_id":"","method":"POST","error":"unable to connect to the SMTP server: dial tcp [::1]:10025: connect: connection refused"}
{"timestamp":"2026-01-22 10:46:00.104 +02:00","level":"info","msg":"SimpleWorker: Job is complete","caller":"jobs/base_workers.go:91","worker_name":"ProductNotices","job_id":"o7b89t5xyifz7fwycun64xmnke","job_type":"product_notices","job_create_at":"Jan 22 08:45:52.461"}
{"timestamp":"2026-01-22 10:47:00.020 +02:00","level":"info","msg":"SimpleWorker: Job is complete","caller":"jobs/base_workers.go:91","worker_name":"CleanupDesktopTokens","job_id":"k9p9irmb7fd4igpturpjero1na","job_type":"cleanup_desktop_tokens","job_create_at":"Jan 22 08:46:52.464"}
{"timestamp":"2026-01-22 10:51:34.105 +02:00","level":"warn","msg":"Error while creating session for user access token","caller":"app/session.go:114","error":"createSessionForUserAccessToken: Invalid or missing token., resource \"UserAccessToken\" not found, id: token=6xbkod1xojnupn6gutujiohiny"}
{"timestamp":"2026-01-22 10:51:34.105 +02:00","level":"info","msg":"Invalid session","caller":"web/handlers.go:261","error":"GetSession: Invalid session token=6xbkod1xojnupn6gutujiohiny, err="}
{"timestamp":"2026-01-22 10:57:58.103 +02:00","level":"warn","msg":"Invalid post props. In a future version this will result in an error. Please update your integration to be compliant.","caller":"model/post.go:672","path":"/api/v4/posts","request_id":"s5zmi1s183gxxeyq53q6zz887w","ip_addr":"172.19.0.1","user_id":"mmzi1goq6tyr3jgfi6oqq864yy","method":"POST","post_id":"p67fsnq1dby4xkukjbcpfwakqr","error":"1 error occurred:\n\t* message attachtment at index 0 is invalid: invalid style '#00000' - must be one of [good, warning, danger] or a hex color\n\n"}
{"timestamp":"2026-01-22 11:33:02.019 +02:00","level":"warn","msg":"Invalid post props. In a future version this will result in an error. Please update your integration to be compliant.","caller":"model/post.go:672","path":"/api/v4/posts","request_id":"fen8uciqk7yymni7opwm1ndyme","ip_addr":"172.19.0.1","user_id":"mmzi1goq6tyr3jgfi6oqq864yy","method":"POST","post_id":"1gc7sztwapg13nr9hxqzcw7xyh","error":"1 error occurred:\n\t* message attachtment at index 0 is invalid: invalid style '#00000' - must be one of [good, warning, danger] or a hex color\n\n"}
{"timestamp":"2026-01-22 11:33:06.803 +02:00","level":"warn","msg":"Invalid post props. In a future version this will result in an error. Please update your integration to be compliant.","caller":"model/post.go:672","path":"/api/v4/posts","request_id":"6tszxy4yrj8tiynqkd195mh1ye","ip_addr":"172.19.0.1","user_id":"mmzi1goq6tyr3jgfi6oqq864yy","method":"POST","post_id":"maexci5w33r9i88x1bfbtw7adc","error":"1 error occurred:\n\t* message attachtment at index 0 is invalid: invalid style '#00000' - must be one of [good, warning, danger] or a hex color\n\n"}
{"timestamp":"2026-01-22 11:33:24.317 +02:00","level":"warn","msg":"Invalid post props. In a future version this will result in an error. Please update your integration to be compliant.","caller":"model/post.go:672","path":"/api/v4/posts","request_id":"7844abw9c3roxf8h1bcq8wwtnw","ip_addr":"172.19.0.1","user_id":"mmzi1goq6tyr3jgfi6oqq864yy","method":"POST","post_id":"ixdaijf8uini3q1rptbg1y8wbr","error":"2 errors occurred:\n\t* message attachtment at index 0 is invalid: invalid style '#00000' - must be one of [good, warning, danger] or a hex color\n\t* message attachtment at index 1 is invalid: invalid style '#11111' - must be one of [good, warning, danger] or a hex color\n\n"}
{"timestamp":"2026-01-22 11:33:33.717 +02:00","level":"warn","msg":"Invalid post props. In a future version this will result in an error. Please update your integration to be compliant.","caller":"model/post.go:672","path":"/api/v4/posts","request_id":"in1pwqznr3brumzi4kmtatnpdy","ip_addr":"172.19.0.1","user_id":"mmzi1goq6tyr3jgfi6oqq864yy","method":"POST","post_id":"9gpomr9iepb97n5aesyaf55p6r","error":"1 error occurred:\n\t* message attachtment at index 0 is invalid: invalid style '#00000' - must be one of [good, warning, danger] or a hex color\n\n"}
{"timestamp":"2026-01-22 11:33:38.284 +02:00","level":"warn","msg":"Invalid post props. In a future version this will result in an error. Please update your integration to be compliant.","caller":"model/post.go:672","path":"/api/v4/posts","request_id":"gkcqo9p13p8yjnppa8qu14o86y","ip_addr":"172.19.0.1","user_id":"mmzi1goq6tyr3jgfi6oqq864yy","method":"POST","post_id":"8ohyd7eazigk9bqgsnz3bmdexh","error":"2 errors occurred:\n\t* message attachtment at index 0 is invalid: invalid style '#00000' - must be one of [good, warning, danger] or a hex color\n\t* message attachtment at index 1 is invalid: invalid style '#gggggg' - must be one of [good, warning, danger] or a hex color\n\n"}
{"timestamp":"2026-01-22 11:33:44.236 +02:00","level":"warn","msg":"Invalid post props. In a future version this will result in an error. Please update your integration to be compliant.","caller":"model/post.go:672","path":"/api/v4/posts","request_id":"t1z487kkxbbfdedcdr6qyq8sja","ip_addr":"172.19.0.1","user_id":"mmzi1goq6tyr3jgfi6oqq864yy","method":"POST","post_id":"acuxq74bq7b6iqxyh4a9ngbgmr","error":"1 error occurred:\n\t* message attachtment at index 0 is invalid: invalid style '#00000' - must be one of [good, warning, danger] or a hex color\n\n"}
{"timestamp":"2026-01-22 11:34:05.849 +02:00","level":"warn","msg":"Invalid post props. In a future version this will result in an error. Please update your integration to be compliant.","caller":"model/post.go:672","path":"/api/v4/posts","request_id":"o8ge4ew1pjfeud773qr8o6m81w","ip_addr":"172.19.0.1","user_id":"mmzi1goq6tyr3jgfi6oqq864yy","method":"POST","post_id":"k5pnbj4zr7gpbx4fogtxoyccxc","error":"1 error occurred:\n\t* message attachtment at index 0 is invalid: invalid style '#00000' - must be one of [good, warning, danger] or a hex color\n\n"}
{"timestamp":"2026-01-22 11:34:28.737 +02:00","level":"warn","msg":"Invalid post props. In a future version this will result in an error. Please update your integration to be compliant.","caller":"model/post.go:672","path":"/api/v4/posts","request_id":"97d8npguriy4pr98auhqcytizw","ip_addr":"172.19.0.1","user_id":"mmzi1goq6tyr3jgfi6oqq864yy","method":"POST","post_id":"jg5ickzfajbmifcs9aoqanimbh","error":"1 error occurred:\n\t* message attachtment at index 0 is invalid: invalid style '#00000' - must be one of [good, warning, danger] or a hex color\n\n"}
{"timestamp":"2026-01-22 11:34:49.323 +02:00","level":"warn","msg":"Invalid post props. In a future version this will result in an error. Please update your integration to be compliant.","caller":"model/post.go:672","path":"/api/v4/posts","request_id":"tuwo919bsibk5ni6rfiux1uoqh","ip_addr":"172.19.0.1","user_id":"mmzi1goq6tyr3jgfi6oqq864yy","method":"POST","post_id":"qcbyq5nzu7ru7ybyxe4ihabwoc","error":"1 error occurred:\n\t* message attachtment at index 0 is invalid: invalid style '#00000' - must be one of [good, warning, danger] or a hex color\n\n"}
{"timestamp":"2026-01-22 11:34:57.684 +02:00","level":"warn","msg":"Invalid post props. In a future version this will result in an error. Please update your integration to be compliant.","caller":"model/post.go:672","path":"/api/v4/posts","request_id":"35fnikdkyiyfzco3u1yjx9zhuw","ip_addr":"172.19.0.1","user_id":"mmzi1goq6tyr3jgfi6oqq864yy","method":"POST","post_id":"6w7kufeeji83dy3wq5u64st6ho","error":"1 error occurred:\n\t* message attachtment at index 0 is invalid: invalid style '#00000' - must be one of [good, warning, danger] or a hex color\n\n"}
{"timestamp":"2026-01-22 11:35:07.274 +02:00","level":"warn","msg":"Invalid post props. In a future version this will result in an error. Please update your integration to be compliant.","caller":"model/post.go:672","path":"/api/v4/posts","request_id":"ghtrtxcf8bffbqys76od9sdbfo","ip_addr":"172.19.0.1","user_id":"mmzi1goq6tyr3jgfi6oqq864yy","method":"POST","post_id":"zuqy9fojtjbp9pwdbw1bdmxkcr","error":"1 error occurred:\n\t* message attachtment at index 0 is invalid: invalid style '#00000' - must be one of [good, warning, danger] or a hex color\n\n"}
{"timestamp":"2026-01-22 11:35:38.485 +02:00","level":"warn","msg":"Invalid post props. In a future version this will result in an error. Please update your integration to be compliant.","caller":"model/post.go:672","path":"/api/v4/posts","request_id":"y7emahcef7d7zxe5cbkgzet1hr","ip_addr":"172.19.0.1","user_id":"mmzi1goq6tyr3jgfi6oqq864yy","method":"POST","post_id":"nih1bfew1i8ibmdaahgqhqikqc","error":"1 error occurred:\n\t* message attachtment at index 0 is invalid: invalid style '#00000' - must be one of [good, warning, danger] or a hex color\n\n"}
{"timestamp":"2026-01-22 11:35:46.395 +02:00","level":"warn","msg":"Invalid post props. In a future version this will result in an error. Please update your integration to be compliant.","caller":"model/post.go:672","path":"/api/v4/posts","request_id":"u3wsrr7zsigyt84f3mhj7ntpfw","ip_addr":"172.19.0.1","user_id":"mmzi1goq6tyr3jgfi6oqq864yy","method":"POST","post_id":"y37rgchsztyt987fbam7neseuc","error":"1 error occurred:\n\t* message attachtment at index 0 is invalid: invalid style '#00000' - must be one of [good, warning, danger] or a hex color\n\n"}
{"timestamp":"2026-01-22 11:36:06.962 +02:00","level":"warn","msg":"Invalid post props. In a future version this will result in an error. Please update your integration to be compliant.","caller":"model/post.go:672","path":"/api/v4/posts","request_id":"xeisy8h3w7ff3c87g6bea5ofrr","ip_addr":"172.19.0.1","user_id":"mmzi1goq6tyr3jgfi6oqq864yy","method":"POST","post_id":"38sxfaep3prtm8hazp799tsyar","error":"1 error occurred:\n\t* message attachtment at index 0 is invalid: invalid style '#00000' - must be one of [good, warning, danger] or a hex color\n\n"}
{"timestamp":"2026-01-22 11:36:33.588 +02:00","level":"warn","msg":"Invalid post props. In a future version this will result in an error. Please update your integration to be compliant.","caller":"model/post.go:672","path":"/api/v4/posts","request_id":"rzm378qo77do9q7hnjjx76pf8r","ip_addr":"172.19.0.1","user_id":"mmzi1goq6tyr3jgfi6oqq864yy","method":"POST","post_id":"reb8duod77bm8mkjst1ohgws8w","error":"1 error occurred:\n\t* message attachtment at index 0 is invalid: invalid style '#00000' - must be one of [good, warning, danger] or a hex color\n\n"}
{"timestamp":"2026-01-22 11:37:05.073 +02:00","level":"warn","msg":"Invalid post props. In a future version this will result in an error. Please update your integration to be compliant.","caller":"model/post.go:672","path":"/api/v4/posts","request_id":"ia6381yuktr3xb3w1s6kyoatsy","ip_addr":"172.19.0.1","user_id":"mmzi1goq6tyr3jgfi6oqq864yy","method":"POST","post_id":"k7ndqekp93ym3qenxoouiidguy","error":"1 error occurred:\n\t* message attachtment at index 0 is invalid: invalid style '#00000' - must be one of [good, warning, danger] or a hex color\n\n"}
{"timestamp":"2026-01-22 11:37:29.271 +02:00","level":"warn","msg":"Invalid post props. In a future version this will result in an error. Please update your integration to be compliant.","caller":"model/post.go:672","path":"/api/v4/posts","request_id":"5sb3m7mubffudydf38edoetw4y","ip_addr":"172.19.0.1","user_id":"mmzi1goq6tyr3jgfi6oqq864yy","method":"POST","post_id":"dhnyo789njnp5diox79rkdi3jc","error":"1 error occurred:\n\t* message attachtment at index 0 is invalid: invalid style '#00000' - must be one of [good, warning, danger] or a hex color\n\n"}
{"timestamp":"2026-01-22 11:37:38.693 +02:00","level":"warn","msg":"Invalid post props. In a future version this will result in an error. Please update your integration to be compliant.","caller":"model/post.go:672","path":"/api/v4/posts","request_id":"enud5w89zpyu5ffzpeg41a31fc","ip_addr":"172.19.0.1","user_id":"mmzi1goq6tyr3jgfi6oqq864yy","method":"POST","post_id":"mipzrhiuw7b5bkumaigashnste","error":"1 error occurred:\n\t* message attachtment at index 0 is invalid: invalid style '#00000' - must be one of [good, warning, danger] or a hex color\n\n"}
{"timestamp":"2026-01-22 11:38:30.666 +02:00","level":"warn","msg":"Invalid post props. In a future version this will result in an error. Please update your integration to be compliant.","caller":"model/post.go:672","path":"/api/v4/posts","request_id":"xmk3wq5763r4dcoynrpbezj4xy","ip_addr":"172.19.0.1","user_id":"mmzi1goq6tyr3jgfi6oqq864yy","method":"POST","post_id":"ozofb138ajd49yuift17ucab7h","error":"1 error occurred:\n\t* message attachtment at index 0 is invalid: invalid style '#00000' - must be one of [good, warning, danger] or a hex color\n\n"}
{"timestamp":"2026-01-22 11:46:00.198 +02:00","level":"info","msg":"SimpleWorker: Job is complete","caller":"jobs/base_workers.go:91","worker_name":"ProductNotices","job_id":"5pd3m8da83fzpm16d8jbi5qmdy","job_type":"product_notices","job_create_at":"Jan 22 09:45:52.148"}
{"timestamp":"2026-01-22 11:48:00.128 +02:00","level":"info","msg":"SimpleWorker: Job is complete","caller":"jobs/base_workers.go:91","worker_name":"CleanupDesktopTokens","job_id":"nqkyknpj6ffhfy9wyahn91z6ny","job_type":"cleanup_desktop_tokens","job_create_at":"Jan 22 09:47:52.152"}
{"timestamp":"2026-01-22 12:46:00.497 +02:00","level":"info","msg":"SimpleWorker: Job is complete","caller":"jobs/base_workers.go:91","worker_name":"ProductNotices","job_id":"5bf3sjtunjdet8qdkxpuyi8n1w","job_type":"product_notices","job_create_at":"Jan 22 10:45:51.839"}
{"timestamp":"2026-01-22 12:49:00.388 +02:00","level":"info","msg":"SimpleWorker: Job is complete","caller":"jobs/base_workers.go:91","worker_name":"CleanupDesktopTokens","job_id":"6qa46fqg1jdqpx8pkgifo5ke8y","job_type":"cleanup_desktop_tokens","job_create_at":"Jan 22 10:48:51.805"}
{"timestamp":"2026-01-22 13:46:00.582 +02:00","level":"info","msg":"SimpleWorker: Job is complete","caller":"jobs/base_workers.go:91","worker_name":"ProductNotices","job_id":"dn3nwaipn7g63czr1gfmzx1r9e","job_type":"product_notices","job_create_at":"Jan 22 11:45:51.509"}
{"timestamp":"2026-01-22 13:50:00.531 +02:00","level":"info","msg":"SimpleWorker: Job is complete","caller":"jobs/base_workers.go:91","worker_name":"CleanupDesktopTokens","job_id":"8xahnoga9pboxfntfhezdsepda","job_type":"cleanup_desktop_tokens","job_create_at":"Jan 22 11:49:51.499"}
